--------------------------------------------------------
--  파일이 생성됨 - 목요일-8월-06-2020   
--------------------------------------------------------
--------------------------------------------------------
--  DDL for Sequence BASICMENU_SEQ
--------------------------------------------------------

   CREATE SEQUENCE  "BUSWAY"."BASICMENU_SEQ"  MINVALUE 1 MAXVALUE 9999999999999999999999999999 INCREMENT BY 1 START WITH 121 CACHE 20 NOORDER  NOCYCLE ;
--------------------------------------------------------
--  DDL for Sequence BASICTOPPING_SEQ
--------------------------------------------------------

   CREATE SEQUENCE  "BUSWAY"."BASICTOPPING_SEQ"  MINVALUE 1 MAXVALUE 9999999999999999999999999999 INCREMENT BY 1 START WITH 1 CACHE 20 NOORDER  NOCYCLE ;
--------------------------------------------------------
--  DDL for Sequence CARTTOPPING_SEQ
--------------------------------------------------------

   CREATE SEQUENCE  "BUSWAY"."CARTTOPPING_SEQ"  MINVALUE 1 MAXVALUE 9999999999999999999999999999 INCREMENT BY 1 START WITH 361 CACHE 20 NOORDER  NOCYCLE ;
--------------------------------------------------------
--  DDL for Sequence CART_SEQ
--------------------------------------------------------

   CREATE SEQUENCE  "BUSWAY"."CART_SEQ"  MINVALUE 1 MAXVALUE 9999999999999999999999999999 INCREMENT BY 1 START WITH 101 CACHE 20 NOORDER  NOCYCLE ;
--------------------------------------------------------
--  DDL for Sequence COMMENTS_SEQ
--------------------------------------------------------

   CREATE SEQUENCE  "BUSWAY"."COMMENTS_SEQ"  MINVALUE 1 MAXVALUE 9999999999999999999999999999 INCREMENT BY 1 START WITH 21 CACHE 20 NOORDER  NOCYCLE ;
--------------------------------------------------------
--  DDL for Sequence DELIVERYADDR_SEQ
--------------------------------------------------------

   CREATE SEQUENCE  "BUSWAY"."DELIVERYADDR_SEQ"  MINVALUE 1 MAXVALUE 9999999999999999999999999999 INCREMENT BY 1 START WITH 1 CACHE 20 NOORDER  NOCYCLE ;
--------------------------------------------------------
--  DDL for Sequence EVENT_SEQ
--------------------------------------------------------

   CREATE SEQUENCE  "BUSWAY"."EVENT_SEQ"  MINVALUE 1 MAXVALUE 9999999999999999999999999999 INCREMENT BY 1 START WITH 21 CACHE 20 NOORDER  NOCYCLE ;
--------------------------------------------------------
--  DDL for Sequence NEWSNOTICE_SEQ
--------------------------------------------------------

   CREATE SEQUENCE  "BUSWAY"."NEWSNOTICE_SEQ"  MINVALUE 1 MAXVALUE 9999999999999999999999999999 INCREMENT BY 1 START WITH 21 CACHE 20 NOORDER  NOCYCLE ;
--------------------------------------------------------
--  DDL for Sequence ORDEREDTOPPING_SEQ
--------------------------------------------------------

   CREATE SEQUENCE  "BUSWAY"."ORDEREDTOPPING_SEQ"  MINVALUE 1 MAXVALUE 9999999999999999999999999999 INCREMENT BY 1 START WITH 241 CACHE 20 NOORDER  NOCYCLE ;
--------------------------------------------------------
--  DDL for Sequence QNA_SEQ
--------------------------------------------------------

   CREATE SEQUENCE  "BUSWAY"."QNA_SEQ"  MINVALUE 1 MAXVALUE 9999999999999999999999999999 INCREMENT BY 1 START WITH 41 CACHE 20 NOORDER  NOCYCLE ;
--------------------------------------------------------
--  DDL for Sequence STOCKCONTROLL_SEQ
--------------------------------------------------------

   CREATE SEQUENCE  "BUSWAY"."STOCKCONTROLL_SEQ"  MINVALUE 1 MAXVALUE 9999999999999999999999999999 INCREMENT BY 1 START WITH 161 CACHE 20 NOORDER  NOCYCLE ;
--------------------------------------------------------
--  DDL for Sequence SUBORDER_SEQ
--------------------------------------------------------

   CREATE SEQUENCE  "BUSWAY"."SUBORDER_SEQ"  MINVALUE 1 MAXVALUE 9999999999999999999999999999 INCREMENT BY 1 START WITH 61 CACHE 20 NOORDER  NOCYCLE ;
--------------------------------------------------------
--  DDL for Sequence TODAYSSALES_SEQ
--------------------------------------------------------

   CREATE SEQUENCE  "BUSWAY"."TODAYSSALES_SEQ"  MINVALUE 1 MAXVALUE 9999999999999999999999999999 INCREMENT BY 1 START WITH 1 CACHE 20 NOORDER  NOCYCLE ;
--------------------------------------------------------
--  DDL for Sequence USERORDER_SEQ
--------------------------------------------------------

   CREATE SEQUENCE  "BUSWAY"."USERORDER_SEQ"  MINVALUE 1 MAXVALUE 9999999999999999999999999999 INCREMENT BY 1 START WITH 61 CACHE 20 NOORDER  NOCYCLE ;
--------------------------------------------------------
--  DDL for Table ALLTOPPING
--------------------------------------------------------

  CREATE TABLE "BUSWAY"."ALLTOPPING" 
   (	"SORT" VARCHAR2(20 BYTE), 
	"NAME" VARCHAR2(100 BYTE), 
	"PRICE" VARCHAR2(20 BYTE), 
	"IMAGE" VARCHAR2(100 BYTE)
   ) SEGMENT CREATION IMMEDIATE 
  PCTFREE 10 PCTUSED 40 INITRANS 1 MAXTRANS 255 NOCOMPRESS LOGGING
  STORAGE(INITIAL 65536 NEXT 1048576 MINEXTENTS 1 MAXEXTENTS 2147483645
  PCTINCREASE 0 FREELISTS 1 FREELIST GROUPS 1 BUFFER_POOL DEFAULT FLASH_CACHE DEFAULT CELL_FLASH_CACHE DEFAULT)
  TABLESPACE "USERS" ;

   COMMENT ON COLUMN "BUSWAY"."ALLTOPPING"."SORT" IS '종류(빵, 치즈, 채소..)';
   COMMENT ON COLUMN "BUSWAY"."ALLTOPPING"."NAME" IS '토핑이름';
   COMMENT ON COLUMN "BUSWAY"."ALLTOPPING"."PRICE" IS '토핑가격';
   COMMENT ON COLUMN "BUSWAY"."ALLTOPPING"."IMAGE" IS '토핑사진';
   COMMENT ON TABLE "BUSWAY"."ALLTOPPING"  IS '토핑들 저장된 테이블(빵, 치즈, 채소,...)';
--------------------------------------------------------
--  DDL for Table BASICMENU
--------------------------------------------------------

  CREATE TABLE "BUSWAY"."BASICMENU" 
   (	"IDX" NUMBER, 
	"MENUNAME" VARCHAR2(100 BYTE), 
	"SALE" NUMBER, 
	"MENUSORT" VARCHAR2(20 BYTE), 
	"PRICE15" NUMBER, 
	"PRICE30" NUMBER, 
	"P_IMG" VARCHAR2(100 BYTE), 
	"P_CONTENT" VARCHAR2(3000 BYTE)
   ) SEGMENT CREATION IMMEDIATE 
  PCTFREE 10 PCTUSED 40 INITRANS 1 MAXTRANS 255 NOCOMPRESS LOGGING
  STORAGE(INITIAL 65536 NEXT 1048576 MINEXTENTS 1 MAXEXTENTS 2147483645
  PCTINCREASE 0 FREELISTS 1 FREELIST GROUPS 1 BUFFER_POOL DEFAULT FLASH_CACHE DEFAULT CELL_FLASH_CACHE DEFAULT)
  TABLESPACE "USERS" ;

   COMMENT ON COLUMN "BUSWAY"."BASICMENU"."IDX" IS '인덱스(순서)';
   COMMENT ON COLUMN "BUSWAY"."BASICMENU"."MENUNAME" IS '메뉴이름';
   COMMENT ON COLUMN "BUSWAY"."BASICMENU"."SALE" IS '할인(%단위)';
   COMMENT ON COLUMN "BUSWAY"."BASICMENU"."MENUSORT" IS '메뉴종류';
   COMMENT ON COLUMN "BUSWAY"."BASICMENU"."PRICE15" IS '15센치의 가격';
   COMMENT ON COLUMN "BUSWAY"."BASICMENU"."PRICE30" IS '30센치의 가격';
   COMMENT ON COLUMN "BUSWAY"."BASICMENU"."P_IMG" IS '상품이미지파일이름';
   COMMENT ON COLUMN "BUSWAY"."BASICMENU"."P_CONTENT" IS '상품 설명';
   COMMENT ON TABLE "BUSWAY"."BASICMENU"  IS '기본 메뉴';
--------------------------------------------------------
--  DDL for Table BASICTOPPING
--------------------------------------------------------

  CREATE TABLE "BUSWAY"."BASICTOPPING" 
   (	"IDX" NUMBER, 
	"QUAN" NUMBER, 
	"MENU_IDX" NUMBER, 
	"NAME" VARCHAR2(20 BYTE)
   ) SEGMENT CREATION IMMEDIATE 
  PCTFREE 10 PCTUSED 40 INITRANS 1 MAXTRANS 255 NOCOMPRESS LOGGING
  STORAGE(INITIAL 65536 NEXT 1048576 MINEXTENTS 1 MAXEXTENTS 2147483645
  PCTINCREASE 0 FREELISTS 1 FREELIST GROUPS 1 BUFFER_POOL DEFAULT FLASH_CACHE DEFAULT CELL_FLASH_CACHE DEFAULT)
  TABLESPACE "USERS" ;

   COMMENT ON COLUMN "BUSWAY"."BASICTOPPING"."IDX" IS '인덱스';
   COMMENT ON COLUMN "BUSWAY"."BASICTOPPING"."QUAN" IS '토핑개수';
   COMMENT ON COLUMN "BUSWAY"."BASICTOPPING"."MENU_IDX" IS '기본메뉴순서';
   COMMENT ON COLUMN "BUSWAY"."BASICTOPPING"."NAME" IS '토핑이름';
   COMMENT ON TABLE "BUSWAY"."BASICTOPPING"  IS '기본메뉴에 포함된 토핑';
--------------------------------------------------------
--  DDL for Table CART
--------------------------------------------------------

  CREATE TABLE "BUSWAY"."CART" 
   (	"IDX" NUMBER, 
	"BREAD_SIZE" NUMBER, 
	"ROASTING" VARCHAR2(20 BYTE), 
	"BASIC_IDX" NUMBER, 
	"USERID" VARCHAR2(20 BYTE), 
	"STORE_CODE" VARCHAR2(20 BYTE), 
	"CNT" NUMBER, 
	"ONE_TOTAL" NUMBER
   ) SEGMENT CREATION IMMEDIATE 
  PCTFREE 10 PCTUSED 40 INITRANS 1 MAXTRANS 255 NOCOMPRESS LOGGING
  STORAGE(INITIAL 65536 NEXT 1048576 MINEXTENTS 1 MAXEXTENTS 2147483645
  PCTINCREASE 0 FREELISTS 1 FREELIST GROUPS 1 BUFFER_POOL DEFAULT FLASH_CACHE DEFAULT CELL_FLASH_CACHE DEFAULT)
  TABLESPACE "USERS" ;

   COMMENT ON COLUMN "BUSWAY"."CART"."IDX" IS '인덱스';
   COMMENT ON COLUMN "BUSWAY"."CART"."BREAD_SIZE" IS '선택한크기';
   COMMENT ON COLUMN "BUSWAY"."CART"."ROASTING" IS '로스팅';
   COMMENT ON COLUMN "BUSWAY"."CART"."BASIC_IDX" IS '기본메뉴 인덱스(순서)';
   COMMENT ON COLUMN "BUSWAY"."CART"."USERID" IS '유저아이디';
   COMMENT ON COLUMN "BUSWAY"."CART"."STORE_CODE" IS '지점코드';
   COMMENT ON COLUMN "BUSWAY"."CART"."CNT" IS '수량';
   COMMENT ON COLUMN "BUSWAY"."CART"."ONE_TOTAL" IS '주문 건당 가격';
   COMMENT ON TABLE "BUSWAY"."CART"  IS '장바구니';
--------------------------------------------------------
--  DDL for Table CARTTOPPING
--------------------------------------------------------

  CREATE TABLE "BUSWAY"."CARTTOPPING" 
   (	"IDX" NUMBER, 
	"CART_IDX" NUMBER, 
	"NAME" VARCHAR2(100 BYTE), 
	"QUAN" NUMBER, 
	"ORDERDATE" DATE
   ) SEGMENT CREATION IMMEDIATE 
  PCTFREE 10 PCTUSED 40 INITRANS 1 MAXTRANS 255 NOCOMPRESS LOGGING
  STORAGE(INITIAL 65536 NEXT 1048576 MINEXTENTS 1 MAXEXTENTS 2147483645
  PCTINCREASE 0 FREELISTS 1 FREELIST GROUPS 1 BUFFER_POOL DEFAULT FLASH_CACHE DEFAULT CELL_FLASH_CACHE DEFAULT)
  TABLESPACE "USERS" ;

   COMMENT ON COLUMN "BUSWAY"."CARTTOPPING"."IDX" IS '인덱스';
   COMMENT ON COLUMN "BUSWAY"."CARTTOPPING"."CART_IDX" IS '장바구니인덱스';
   COMMENT ON COLUMN "BUSWAY"."CARTTOPPING"."NAME" IS '토핑이름';
   COMMENT ON COLUMN "BUSWAY"."CARTTOPPING"."QUAN" IS '토핑개수';
   COMMENT ON COLUMN "BUSWAY"."CARTTOPPING"."ORDERDATE" IS '판매된 날짜';
   COMMENT ON TABLE "BUSWAY"."CARTTOPPING"  IS '장바구니토핑추가테이블';
--------------------------------------------------------
--  DDL for Table COMMENTS
--------------------------------------------------------

  CREATE TABLE "BUSWAY"."COMMENTS" 
   (	"C_IDX" NUMBER, 
	"Q_IDX" NUMBER, 
	"STORE_CODE" VARCHAR2(20 BYTE), 
	"CONTENT" VARCHAR2(1000 BYTE), 
	"C_REGDATE" DATE DEFAULT sysdate
   ) SEGMENT CREATION IMMEDIATE 
  PCTFREE 10 PCTUSED 40 INITRANS 1 MAXTRANS 255 NOCOMPRESS LOGGING
  STORAGE(INITIAL 65536 NEXT 1048576 MINEXTENTS 1 MAXEXTENTS 2147483645
  PCTINCREASE 0 FREELISTS 1 FREELIST GROUPS 1 BUFFER_POOL DEFAULT FLASH_CACHE DEFAULT CELL_FLASH_CACHE DEFAULT)
  TABLESPACE "USERS" ;

   COMMENT ON COLUMN "BUSWAY"."COMMENTS"."C_IDX" IS '인덱스';
   COMMENT ON COLUMN "BUSWAY"."COMMENTS"."Q_IDX" IS '문의하기의 인덱스';
   COMMENT ON COLUMN "BUSWAY"."COMMENTS"."STORE_CODE" IS '지점코드';
   COMMENT ON COLUMN "BUSWAY"."COMMENTS"."CONTENT" IS '내용';
   COMMENT ON COLUMN "BUSWAY"."COMMENTS"."C_REGDATE" IS '작성시간';
   COMMENT ON TABLE "BUSWAY"."COMMENTS"  IS '문의하기게시판의 댓글';
--------------------------------------------------------
--  DDL for Table DELIVERYADDR
--------------------------------------------------------

  CREATE TABLE "BUSWAY"."DELIVERYADDR" 
   (	"IDX" NUMBER, 
	"USERID" VARCHAR2(20 BYTE), 
	"ADDR" VARCHAR2(100 BYTE), 
	"DEFAULTADDR" VARCHAR2(20 BYTE)
   ) SEGMENT CREATION IMMEDIATE 
  PCTFREE 10 PCTUSED 40 INITRANS 1 MAXTRANS 255 NOCOMPRESS LOGGING
  STORAGE(INITIAL 65536 NEXT 1048576 MINEXTENTS 1 MAXEXTENTS 2147483645
  PCTINCREASE 0 FREELISTS 1 FREELIST GROUPS 1 BUFFER_POOL DEFAULT FLASH_CACHE DEFAULT CELL_FLASH_CACHE DEFAULT)
  TABLESPACE "USERS" ;

   COMMENT ON COLUMN "BUSWAY"."DELIVERYADDR"."IDX" IS '주소인덱스';
   COMMENT ON COLUMN "BUSWAY"."DELIVERYADDR"."USERID" IS '회원아이디';
   COMMENT ON COLUMN "BUSWAY"."DELIVERYADDR"."ADDR" IS '주소';
   COMMENT ON COLUMN "BUSWAY"."DELIVERYADDR"."DEFAULTADDR" IS '기본배송지 선택';
   COMMENT ON TABLE "BUSWAY"."DELIVERYADDR"  IS '회원 배달지 주소 내역';
--------------------------------------------------------
--  DDL for Table EVENT
--------------------------------------------------------

  CREATE TABLE "BUSWAY"."EVENT" 
   (	"E_IDX" NUMBER, 
	"TITLE" VARCHAR2(50 BYTE), 
	"START_DATE" DATE, 
	"END_DATE" DATE, 
	"CONTENT" VARCHAR2(200 BYTE), 
	"VIEWS" NUMBER, 
	"IMGPATH" DATE, 
	"CODE" VARCHAR2(20 BYTE)
   ) SEGMENT CREATION IMMEDIATE 
  PCTFREE 10 PCTUSED 40 INITRANS 1 MAXTRANS 255 NOCOMPRESS LOGGING
  STORAGE(INITIAL 65536 NEXT 1048576 MINEXTENTS 1 MAXEXTENTS 2147483645
  PCTINCREASE 0 FREELISTS 1 FREELIST GROUPS 1 BUFFER_POOL DEFAULT FLASH_CACHE DEFAULT CELL_FLASH_CACHE DEFAULT)
  TABLESPACE "USERS" ;

   COMMENT ON COLUMN "BUSWAY"."EVENT"."E_IDX" IS '이벤트 인덱스';
   COMMENT ON COLUMN "BUSWAY"."EVENT"."TITLE" IS '제목';
   COMMENT ON COLUMN "BUSWAY"."EVENT"."START_DATE" IS '이벤트시작날짜';
   COMMENT ON COLUMN "BUSWAY"."EVENT"."END_DATE" IS '이벤트끝날짜';
   COMMENT ON COLUMN "BUSWAY"."EVENT"."CONTENT" IS '내용';
   COMMENT ON COLUMN "BUSWAY"."EVENT"."VIEWS" IS '조회수';
   COMMENT ON COLUMN "BUSWAY"."EVENT"."IMGPATH" IS '이미지저장경로';
   COMMENT ON COLUMN "BUSWAY"."EVENT"."CODE" IS '관리자코드';
   COMMENT ON TABLE "BUSWAY"."EVENT"  IS '이벤트 및 프로모션';
--------------------------------------------------------
--  DDL for Table NEWSNOTICE
--------------------------------------------------------

  CREATE TABLE "BUSWAY"."NEWSNOTICE" 
   (	"N_IDX" NUMBER(*,0), 
	"TITLE" VARCHAR2(50 BYTE), 
	"REGDATE" DATE, 
	"CONTENT" VARCHAR2(200 BYTE), 
	"VIEWS" NUMBER, 
	"IMGPATH" DATE, 
	"CODE" VARCHAR2(20 BYTE)
   ) SEGMENT CREATION IMMEDIATE 
  PCTFREE 10 PCTUSED 40 INITRANS 1 MAXTRANS 255 NOCOMPRESS LOGGING
  STORAGE(INITIAL 65536 NEXT 1048576 MINEXTENTS 1 MAXEXTENTS 2147483645
  PCTINCREASE 0 FREELISTS 1 FREELIST GROUPS 1 BUFFER_POOL DEFAULT FLASH_CACHE DEFAULT CELL_FLASH_CACHE DEFAULT)
  TABLESPACE "USERS" ;

   COMMENT ON COLUMN "BUSWAY"."NEWSNOTICE"."N_IDX" IS '뉴스 및 공지사항 인덱스';
   COMMENT ON COLUMN "BUSWAY"."NEWSNOTICE"."TITLE" IS '제목';
   COMMENT ON COLUMN "BUSWAY"."NEWSNOTICE"."REGDATE" IS '작성시간';
   COMMENT ON COLUMN "BUSWAY"."NEWSNOTICE"."CONTENT" IS '내용';
   COMMENT ON COLUMN "BUSWAY"."NEWSNOTICE"."VIEWS" IS '조회수';
   COMMENT ON COLUMN "BUSWAY"."NEWSNOTICE"."IMGPATH" IS '이미지저장경로';
   COMMENT ON COLUMN "BUSWAY"."NEWSNOTICE"."CODE" IS '관리자코드';
   COMMENT ON TABLE "BUSWAY"."NEWSNOTICE"  IS '뉴스 및 공지사항';
--------------------------------------------------------
--  DDL for Table ORDEREDTOPPING
--------------------------------------------------------

  CREATE TABLE "BUSWAY"."ORDEREDTOPPING" 
   (	"IDX" NUMBER, 
	"SUBORDER_IDX" NUMBER, 
	"NAME" VARCHAR2(30 BYTE), 
	"QUAN" NUMBER, 
	"ORDERDATE" DATE
   ) SEGMENT CREATION IMMEDIATE 
  PCTFREE 10 PCTUSED 40 INITRANS 1 MAXTRANS 255 NOCOMPRESS LOGGING
  STORAGE(INITIAL 65536 NEXT 1048576 MINEXTENTS 1 MAXEXTENTS 2147483645
  PCTINCREASE 0 FREELISTS 1 FREELIST GROUPS 1 BUFFER_POOL DEFAULT FLASH_CACHE DEFAULT CELL_FLASH_CACHE DEFAULT)
  TABLESPACE "USERS" ;

   COMMENT ON COLUMN "BUSWAY"."ORDEREDTOPPING"."IDX" IS '인덱스';
   COMMENT ON COLUMN "BUSWAY"."ORDEREDTOPPING"."SUBORDER_IDX" IS '주문상세내역인덱스';
   COMMENT ON COLUMN "BUSWAY"."ORDEREDTOPPING"."NAME" IS '토핑이름';
   COMMENT ON COLUMN "BUSWAY"."ORDEREDTOPPING"."QUAN" IS '토핑개수';
   COMMENT ON COLUMN "BUSWAY"."ORDEREDTOPPING"."ORDERDATE" IS '판매된 날짜';
   COMMENT ON TABLE "BUSWAY"."ORDEREDTOPPING"  IS '주문상세추가내역테이블';
--------------------------------------------------------
--  DDL for Table QNA
--------------------------------------------------------

  CREATE TABLE "BUSWAY"."QNA" 
   (	"Q_IDX" NUMBER, 
	"IMGPATH" VARCHAR2(20 BYTE), 
	"TITLE" VARCHAR2(100 BYTE), 
	"CONTENT" VARCHAR2(1000 BYTE), 
	"VIEWS" NUMBER, 
	"REGDATE" DATE, 
	"USERID" VARCHAR2(20 BYTE)
   ) SEGMENT CREATION IMMEDIATE 
  PCTFREE 10 PCTUSED 40 INITRANS 1 MAXTRANS 255 NOCOMPRESS LOGGING
  STORAGE(INITIAL 65536 NEXT 1048576 MINEXTENTS 1 MAXEXTENTS 2147483645
  PCTINCREASE 0 FREELISTS 1 FREELIST GROUPS 1 BUFFER_POOL DEFAULT FLASH_CACHE DEFAULT CELL_FLASH_CACHE DEFAULT)
  TABLESPACE "USERS" ;

   COMMENT ON COLUMN "BUSWAY"."QNA"."Q_IDX" IS '인덱스';
   COMMENT ON COLUMN "BUSWAY"."QNA"."IMGPATH" IS '이미지저장경로';
   COMMENT ON COLUMN "BUSWAY"."QNA"."TITLE" IS '제목';
   COMMENT ON COLUMN "BUSWAY"."QNA"."CONTENT" IS '내용';
   COMMENT ON COLUMN "BUSWAY"."QNA"."VIEWS" IS '조회수';
   COMMENT ON COLUMN "BUSWAY"."QNA"."REGDATE" IS '날짜';
   COMMENT ON COLUMN "BUSWAY"."QNA"."USERID" IS '쓴 사람 아이디';
   COMMENT ON TABLE "BUSWAY"."QNA"  IS '문의하기게시판';
--------------------------------------------------------
--  DDL for Table STOCKCONTROLL
--------------------------------------------------------

  CREATE TABLE "BUSWAY"."STOCKCONTROLL" 
   (	"STOCK_IDX" VARCHAR2(30 BYTE), 
	"NAME" VARCHAR2(20 BYTE), 
	"STOCK" VARCHAR2(20 BYTE), 
	"STORE_CODE" VARCHAR2(20 BYTE)
   ) SEGMENT CREATION IMMEDIATE 
  PCTFREE 10 PCTUSED 40 INITRANS 1 MAXTRANS 255 NOCOMPRESS LOGGING
  STORAGE(INITIAL 65536 NEXT 1048576 MINEXTENTS 1 MAXEXTENTS 2147483645
  PCTINCREASE 0 FREELISTS 1 FREELIST GROUPS 1 BUFFER_POOL DEFAULT FLASH_CACHE DEFAULT CELL_FLASH_CACHE DEFAULT)
  TABLESPACE "USERS" ;

   COMMENT ON COLUMN "BUSWAY"."STOCKCONTROLL"."STOCK_IDX" IS '코드-종류-이름';
   COMMENT ON COLUMN "BUSWAY"."STOCKCONTROLL"."NAME" IS '재료이름';
   COMMENT ON COLUMN "BUSWAY"."STOCKCONTROLL"."STOCK" IS '재고';
   COMMENT ON COLUMN "BUSWAY"."STOCKCONTROLL"."STORE_CODE" IS '지점코드';
   COMMENT ON TABLE "BUSWAY"."STOCKCONTROLL"  IS '재료 종류(재고관리)';
--------------------------------------------------------
--  DDL for Table STORE
--------------------------------------------------------

  CREATE TABLE "BUSWAY"."STORE" 
   (	"CODE" VARCHAR2(20 BYTE), 
	"NAME" VARCHAR2(100 BYTE), 
	"ADDR" VARCHAR2(20 BYTE), 
	"SHOP_NUMBER" VARCHAR2(20 BYTE), 
	"EMAIL" VARCHAR2(30 BYTE), 
	"PWD" VARCHAR2(20 BYTE)
   ) SEGMENT CREATION IMMEDIATE 
  PCTFREE 10 PCTUSED 40 INITRANS 1 MAXTRANS 255 NOCOMPRESS LOGGING
  STORAGE(INITIAL 65536 NEXT 1048576 MINEXTENTS 1 MAXEXTENTS 2147483645
  PCTINCREASE 0 FREELISTS 1 FREELIST GROUPS 1 BUFFER_POOL DEFAULT FLASH_CACHE DEFAULT CELL_FLASH_CACHE DEFAULT)
  TABLESPACE "USERS" ;

   COMMENT ON COLUMN "BUSWAY"."STORE"."CODE" IS '지점코드';
   COMMENT ON COLUMN "BUSWAY"."STORE"."NAME" IS '지점이름';
   COMMENT ON COLUMN "BUSWAY"."STORE"."ADDR" IS '지점 주소';
   COMMENT ON COLUMN "BUSWAY"."STORE"."SHOP_NUMBER" IS '지점 전화번호';
   COMMENT ON COLUMN "BUSWAY"."STORE"."EMAIL" IS '지점 이메일';
   COMMENT ON COLUMN "BUSWAY"."STORE"."PWD" IS '지점 비밀번호';
   COMMENT ON TABLE "BUSWAY"."STORE"  IS '지점테이블';
--------------------------------------------------------
--  DDL for Table SUBORDER
--------------------------------------------------------

  CREATE TABLE "BUSWAY"."SUBORDER" 
   (	"IDX" NUMBER, 
	"BREAD_SIZE" NUMBER, 
	"ROASTING" VARCHAR2(20 BYTE), 
	"BASIC_IDX" NUMBER, 
	"ID" VARCHAR2(20 BYTE), 
	"STORE_CODE" VARCHAR2(20 BYTE), 
	"CNT" NUMBER, 
	"ONE_TOTAL" NUMBER, 
	"ORDERIDX" NUMBER
   ) SEGMENT CREATION IMMEDIATE 
  PCTFREE 10 PCTUSED 40 INITRANS 1 MAXTRANS 255 NOCOMPRESS LOGGING
  STORAGE(INITIAL 65536 NEXT 1048576 MINEXTENTS 1 MAXEXTENTS 2147483645
  PCTINCREASE 0 FREELISTS 1 FREELIST GROUPS 1 BUFFER_POOL DEFAULT FLASH_CACHE DEFAULT CELL_FLASH_CACHE DEFAULT)
  TABLESPACE "USERS" ;

   COMMENT ON COLUMN "BUSWAY"."SUBORDER"."IDX" IS '인덱스';
   COMMENT ON COLUMN "BUSWAY"."SUBORDER"."BREAD_SIZE" IS '선택한크기';
   COMMENT ON COLUMN "BUSWAY"."SUBORDER"."ROASTING" IS '로스팅';
   COMMENT ON COLUMN "BUSWAY"."SUBORDER"."BASIC_IDX" IS '기본메뉴 인덱스(순서)';
   COMMENT ON COLUMN "BUSWAY"."SUBORDER"."ID" IS '유저아이디';
   COMMENT ON COLUMN "BUSWAY"."SUBORDER"."STORE_CODE" IS '지점코드';
   COMMENT ON COLUMN "BUSWAY"."SUBORDER"."CNT" IS '수량';
   COMMENT ON COLUMN "BUSWAY"."SUBORDER"."ONE_TOTAL" IS '주문 건당 가격';
   COMMENT ON COLUMN "BUSWAY"."SUBORDER"."ORDERIDX" IS '주문번호인덱스';
   COMMENT ON TABLE "BUSWAY"."SUBORDER"  IS '주문상세내역';
--------------------------------------------------------
--  DDL for Table USERORDER
--------------------------------------------------------

  CREATE TABLE "BUSWAY"."USERORDER" 
   (	"IDX" NUMBER, 
	"ID" VARCHAR2(20 BYTE), 
	"ALL_TOTAL" NUMBER, 
	"ADDR" VARCHAR2(20 BYTE), 
	"ORDERDATE" DATE
   ) SEGMENT CREATION IMMEDIATE 
  PCTFREE 10 PCTUSED 40 INITRANS 1 MAXTRANS 255 NOCOMPRESS LOGGING
  STORAGE(INITIAL 65536 NEXT 1048576 MINEXTENTS 1 MAXEXTENTS 2147483645
  PCTINCREASE 0 FREELISTS 1 FREELIST GROUPS 1 BUFFER_POOL DEFAULT FLASH_CACHE DEFAULT CELL_FLASH_CACHE DEFAULT)
  TABLESPACE "USERS" ;

   COMMENT ON COLUMN "BUSWAY"."USERORDER"."IDX" IS '주문번호 인덱스';
   COMMENT ON COLUMN "BUSWAY"."USERORDER"."ID" IS '아이디';
   COMMENT ON COLUMN "BUSWAY"."USERORDER"."ALL_TOTAL" IS '총주문가격';
   COMMENT ON COLUMN "BUSWAY"."USERORDER"."ADDR" IS '배송지';
   COMMENT ON COLUMN "BUSWAY"."USERORDER"."ORDERDATE" IS '주문시간';
   COMMENT ON TABLE "BUSWAY"."USERORDER"  IS '회원 주문 내역';
--------------------------------------------------------
--  DDL for Table USERS
--------------------------------------------------------

  CREATE TABLE "BUSWAY"."USERS" 
   (	"USERID" VARCHAR2(100 BYTE), 
	"PWD" VARCHAR2(30 BYTE), 
	"NICKNAME" VARCHAR2(100 BYTE), 
	"NAME" VARCHAR2(100 BYTE), 
	"ADDR" VARCHAR2(100 BYTE), 
	"PHONE" VARCHAR2(100 BYTE), 
	"CARD" VARCHAR2(100 BYTE), 
	"EMAIL" VARCHAR2(100 BYTE), 
	"CNT" NUMBER DEFAULT 0, 
	"USING" NUMBER DEFAULT 1
   ) SEGMENT CREATION IMMEDIATE 
  PCTFREE 10 PCTUSED 40 INITRANS 1 MAXTRANS 255 NOCOMPRESS LOGGING
  STORAGE(INITIAL 65536 NEXT 1048576 MINEXTENTS 1 MAXEXTENTS 2147483645
  PCTINCREASE 0 FREELISTS 1 FREELIST GROUPS 1 BUFFER_POOL DEFAULT FLASH_CACHE DEFAULT CELL_FLASH_CACHE DEFAULT)
  TABLESPACE "USERS" ;

   COMMENT ON COLUMN "BUSWAY"."USERS"."USERID" IS '아이디';
   COMMENT ON COLUMN "BUSWAY"."USERS"."PWD" IS '비밀번호';
   COMMENT ON COLUMN "BUSWAY"."USERS"."NICKNAME" IS '별명';
   COMMENT ON COLUMN "BUSWAY"."USERS"."NAME" IS '이름';
   COMMENT ON COLUMN "BUSWAY"."USERS"."ADDR" IS '주소';
   COMMENT ON COLUMN "BUSWAY"."USERS"."PHONE" IS '전화번호';
   COMMENT ON COLUMN "BUSWAY"."USERS"."CARD" IS '카드번호';
   COMMENT ON COLUMN "BUSWAY"."USERS"."EMAIL" IS '회원이메일';
   COMMENT ON COLUMN "BUSWAY"."USERS"."CNT" IS '주문횟수';
   COMMENT ON COLUMN "BUSWAY"."USERS"."USING" IS '사용정보';
   COMMENT ON TABLE "BUSWAY"."USERS"  IS '회원정보';
REM INSERTING into BUSWAY.ALLTOPPING
SET DEFINE OFF;
Insert into BUSWAY.ALLTOPPING (SORT,NAME,PRICE,IMAGE) values ('bread','화이트','0','화이트.png');
Insert into BUSWAY.ALLTOPPING (SORT,NAME,PRICE,IMAGE) values ('bread','위트','0','위트.png');
Insert into BUSWAY.ALLTOPPING (SORT,NAME,PRICE,IMAGE) values ('bread','허니오트','0','허니오트.png');
Insert into BUSWAY.ALLTOPPING (SORT,NAME,PRICE,IMAGE) values ('bread','하티','0','하티.png');
Insert into BUSWAY.ALLTOPPING (SORT,NAME,PRICE,IMAGE) values ('bread','플랫브레드','0','플랫브레드.png');
Insert into BUSWAY.ALLTOPPING (SORT,NAME,PRICE,IMAGE) values ('bread','파마산 오레가노','0','파마산 오래가노.png');
Insert into BUSWAY.ALLTOPPING (SORT,NAME,PRICE,IMAGE) values ('cheese','아메리칸치즈','900','아메리칸치즈.png');
Insert into BUSWAY.ALLTOPPING (SORT,NAME,PRICE,IMAGE) values ('cheese','슈레드치즈','900','슈레드치즈.png');
Insert into BUSWAY.ALLTOPPING (SORT,NAME,PRICE,IMAGE) values ('cheese','모짜렐라치즈','900','모차렐라치즈.png');
Insert into BUSWAY.ALLTOPPING (SORT,NAME,PRICE,IMAGE) values ('veg','양상추','0','양상추.png');
Insert into BUSWAY.ALLTOPPING (SORT,NAME,PRICE,IMAGE) values ('veg','토마토','0','토마토.png');
Insert into BUSWAY.ALLTOPPING (SORT,NAME,PRICE,IMAGE) values ('veg','오이','0','오이.png');
Insert into BUSWAY.ALLTOPPING (SORT,NAME,PRICE,IMAGE) values ('veg','피망','0','피망.png');
Insert into BUSWAY.ALLTOPPING (SORT,NAME,PRICE,IMAGE) values ('veg','양파','0','양파.png');
Insert into BUSWAY.ALLTOPPING (SORT,NAME,PRICE,IMAGE) values ('veg','피클','0','피클.png');
Insert into BUSWAY.ALLTOPPING (SORT,NAME,PRICE,IMAGE) values ('veg','올리브','0','올리브.png');
Insert into BUSWAY.ALLTOPPING (SORT,NAME,PRICE,IMAGE) values ('veg','할라피뇨','0','할라피뇨.png');
Insert into BUSWAY.ALLTOPPING (SORT,NAME,PRICE,IMAGE) values ('source','머스타드','0','머스타드.png');
Insert into BUSWAY.ALLTOPPING (SORT,NAME,PRICE,IMAGE) values ('source','레드와인식초','0','레드와인식초.png');
Insert into BUSWAY.ALLTOPPING (SORT,NAME,PRICE,IMAGE) values ('source','스윗어니언','0','스윗어니언.png');
Insert into BUSWAY.ALLTOPPING (SORT,NAME,PRICE,IMAGE) values ('source','허니머스타드','0','허니머스타드.png');
Insert into BUSWAY.ALLTOPPING (SORT,NAME,PRICE,IMAGE) values ('source','스윗칠리','0','스윗칠리.png');
Insert into BUSWAY.ALLTOPPING (SORT,NAME,PRICE,IMAGE) values ('source','스모크바베큐','0','스모크바베큐.png');
Insert into BUSWAY.ALLTOPPING (SORT,NAME,PRICE,IMAGE) values ('source','랜치드레싱','0','랜치드레싱.png');
Insert into BUSWAY.ALLTOPPING (SORT,NAME,PRICE,IMAGE) values ('source','마요네즈','0','마요네즈.png');
Insert into BUSWAY.ALLTOPPING (SORT,NAME,PRICE,IMAGE) values ('source','핫칠리','0','핫칠리.png');
Insert into BUSWAY.ALLTOPPING (SORT,NAME,PRICE,IMAGE) values ('source','사우스웨스트','0','사우스웨스트.png');
Insert into BUSWAY.ALLTOPPING (SORT,NAME,PRICE,IMAGE) values ('source','홀스레디쉬','0','홀스레디쉬.png');
Insert into BUSWAY.ALLTOPPING (SORT,NAME,PRICE,IMAGE) values ('source','올리브오일','0','올리브오일.png');
Insert into BUSWAY.ALLTOPPING (SORT,NAME,PRICE,IMAGE) values ('source','소금','0','소금.png');
Insert into BUSWAY.ALLTOPPING (SORT,NAME,PRICE,IMAGE) values ('source','후추','0','후추.png');
Insert into BUSWAY.ALLTOPPING (SORT,NAME,PRICE,IMAGE) values ('more','에그마요','1600','에그마요.png');
Insert into BUSWAY.ALLTOPPING (SORT,NAME,PRICE,IMAGE) values ('more','페퍼로니','900','페퍼로니.png');
Insert into BUSWAY.ALLTOPPING (SORT,NAME,PRICE,IMAGE) values ('more','베이컨','900','베이컨.png');
Insert into BUSWAY.ALLTOPPING (SORT,NAME,PRICE,IMAGE) values ('more','아보카도','1300','아보카도.png');
Insert into BUSWAY.ALLTOPPING (SORT,NAME,PRICE,IMAGE) values ('more','오믈렛','1200','오믈렛.png');
Insert into BUSWAY.ALLTOPPING (SORT,NAME,PRICE,IMAGE) values ('moreMeat','스테이크/치즈','1800',null);
Insert into BUSWAY.ALLTOPPING (SORT,NAME,PRICE,IMAGE) values ('moreMeat','햄','1800',null);
Insert into BUSWAY.ALLTOPPING (SORT,NAME,PRICE,IMAGE) values ('moreMeat','참치','1800',null);
Insert into BUSWAY.ALLTOPPING (SORT,NAME,PRICE,IMAGE) values ('moreMeat','미트볼','1800',null);
Insert into BUSWAY.ALLTOPPING (SORT,NAME,PRICE,IMAGE) values ('moreMeat','비엘티','1800',null);
Insert into BUSWAY.ALLTOPPING (SORT,NAME,PRICE,IMAGE) values ('moreMeat','비엠티','1800',null);
Insert into BUSWAY.ALLTOPPING (SORT,NAME,PRICE,IMAGE) values ('moreMeat','터키','1800',null);
Insert into BUSWAY.ALLTOPPING (SORT,NAME,PRICE,IMAGE) values ('moreMeat','클럽','1800',null);
Insert into BUSWAY.ALLTOPPING (SORT,NAME,PRICE,IMAGE) values ('moreMeat','치킨데리야끼','1800',null);
Insert into BUSWAY.ALLTOPPING (SORT,NAME,PRICE,IMAGE) values ('moreMeat','스파이시이탈리안','1800',null);
Insert into BUSWAY.ALLTOPPING (SORT,NAME,PRICE,IMAGE) values ('moreMeat','쉬림프','1800',null);
Insert into BUSWAY.ALLTOPPING (SORT,NAME,PRICE,IMAGE) values ('moreMeat','로티세리치킨','1800',null);
Insert into BUSWAY.ALLTOPPING (SORT,NAME,PRICE,IMAGE) values ('moreMeat','로스트치킨','1800',null);
Insert into BUSWAY.ALLTOPPING (SORT,NAME,PRICE,IMAGE) values ('moreMeat','멜트','1800',null);
Insert into BUSWAY.ALLTOPPING (SORT,NAME,PRICE,IMAGE) values ('moreMeat','폴드포크','1800',null);
Insert into BUSWAY.ALLTOPPING (SORT,NAME,PRICE,IMAGE) values ('moreMeat','터키베이컨아보카도','1800',null);
Insert into BUSWAY.ALLTOPPING (SORT,NAME,PRICE,IMAGE) values ('drink','탄산음료16oz','800',null);
Insert into BUSWAY.ALLTOPPING (SORT,NAME,PRICE,IMAGE) values ('drink','탄산음료22oz','1000',null);
Insert into BUSWAY.ALLTOPPING (SORT,NAME,PRICE,IMAGE) values ('drink','생수','500',null);
REM INSERTING into BUSWAY.BASICMENU
SET DEFINE OFF;
Insert into BUSWAY.BASICMENU (IDX,MENUNAME,SALE,MENUSORT,PRICE15,PRICE30,P_IMG,P_CONTENT) values (24,'로티세리 치킨',null,'샌드위치',5900,9900,'로티세리바베큐.jpg','촉촉한 바비큐 치킨의 풍미가득~~ 손으로 찢어 더욱 부드러운 치킨의 혁명');
Insert into BUSWAY.BASICMENU (IDX,MENUNAME,SALE,MENUSORT,PRICE15,PRICE30,P_IMG,P_CONTENT) values (26,'로스트 치킨',null,'샌드위치',5900,9900,'로스트치킨.jpg','오븐에 구워 담백한 저칼로리 닭가슴살의 건강한 풍미');
Insert into BUSWAY.BASICMENU (IDX,MENUNAME,SALE,MENUSORT,PRICE15,PRICE30,P_IMG,P_CONTENT) values (30,'미트볼',null,'샌드위치',5600,9500,'미트볼.jpg','이탈리안 스타일 비프 미트볼에 써브웨이만의 풍부한 토마토 향이 살아있는 마리나라 소스를 듬뿍~~~');
Insert into BUSWAY.BASICMENU (IDX,MENUNAME,SALE,MENUSORT,PRICE15,PRICE30,P_IMG,P_CONTENT) values (32,'스파이시 이탈리안',null,'샌드위치',5600,9500,'스파이시이탈리안.jpg','살라미, 페퍼로니가 입안 한가득! 쏘 핫한 이탈리아의 맛');
Insert into BUSWAY.BASICMENU (IDX,MENUNAME,SALE,MENUSORT,PRICE15,PRICE30,P_IMG,P_CONTENT) values (34,'비엘티',null,'샌드위치',5900,9900,'비엘티.jpg','오리지널 아메리칸 베이컨의 풍미와 바삭함 그대로~');
Insert into BUSWAY.BASICMENU (IDX,MENUNAME,SALE,MENUSORT,PRICE15,PRICE30,P_IMG,P_CONTENT) values (36,'써브웨이 멜트',null,'샌드위치',5900,9900,'서브웨이멜트.jpg','자신있게 추천하는 터키, 햄, 베이컨의 완벽한 맛의 밸런스');
Insert into BUSWAY.BASICMENU (IDX,MENUNAME,SALE,MENUSORT,PRICE15,PRICE30,P_IMG,P_CONTENT) values (38,'풀드포크',null,'샌드위치',5900,9900,'풀드포크.jpg','미국 정통 스타일의 리얼 바비큐 폴드포크는 오직..(더보기)');
Insert into BUSWAY.BASICMENU (IDX,MENUNAME,SALE,MENUSORT,PRICE15,PRICE30,P_IMG,P_CONTENT) values (40,'스테이크&치즈',null,'샌드위치',6300,10300,'스테이크치즈.jpg','육즙이 쫙~풍부한 비프 스테이크의 풍미가 입안 한가득');
Insert into BUSWAY.BASICMENU (IDX,MENUNAME,SALE,MENUSORT,PRICE15,PRICE30,P_IMG,P_CONTENT) values (42,'터키 베이컨 아보카도',null,'샌드위치',6300,10300,'터키베이컨.jpg','담백한 터키와 바삭한 베이컨 환상조합에 부드러운 아보카도는 신의 한 수');
Insert into BUSWAY.BASICMENU (IDX,MENUNAME,SALE,MENUSORT,PRICE15,PRICE30,P_IMG,P_CONTENT) values (52,'베지 찹샐러드',null,'찹샐러드',5300,null,'베지찹.jpg',null);
Insert into BUSWAY.BASICMENU (IDX,MENUNAME,SALE,MENUSORT,PRICE15,PRICE30,P_IMG,P_CONTENT) values (54,'에그마요 찹샐러드',null,'찹샐러드',5600,null,'에그마요찹.jpg',null);
Insert into BUSWAY.BASICMENU (IDX,MENUNAME,SALE,MENUSORT,PRICE15,PRICE30,P_IMG,P_CONTENT) values (56,'클래식 메뉴 찹샐러드',null,'찹샐러드',6000,null,'클래식찹.jpg',null);
Insert into BUSWAY.BASICMENU (IDX,MENUNAME,SALE,MENUSORT,PRICE15,PRICE30,P_IMG,P_CONTENT) values (58,'추천메뉴 찹샐러드',null,'찹샐러드',6400,null,'추천메뉴찹.jpg',null);
Insert into BUSWAY.BASICMENU (IDX,MENUNAME,SALE,MENUSORT,PRICE15,PRICE30,P_IMG,P_CONTENT) values (60,'베스트 메뉴 찹샐러드',null,'찹샐러드',6800,null,'베스트메뉴찹.jpg',null);
Insert into BUSWAY.BASICMENU (IDX,MENUNAME,SALE,MENUSORT,PRICE15,PRICE30,P_IMG,P_CONTENT) values (62,'프리미엄 메뉴 찹샐러드',null,'찹샐러드',7300,null,'프리미엄찹.jpg',null);
Insert into BUSWAY.BASICMENU (IDX,MENUNAME,SALE,MENUSORT,PRICE15,PRICE30,P_IMG,P_CONTENT) values (64,'스테이크&치즈 찹샐러드',null,'찹샐러드',7600,null,'스테이크치즈찹.jpg',null);
Insert into BUSWAY.BASICMENU (IDX,MENUNAME,SALE,MENUSORT,PRICE15,PRICE30,P_IMG,P_CONTENT) values (66,'터키베이컨 아보카도 찹샐러드',null,'찹샐러드',7600,null,'터키베이컨찹.jpg',null);
Insert into BUSWAY.BASICMENU (IDX,MENUNAME,SALE,MENUSORT,PRICE15,PRICE30,P_IMG,P_CONTENT) values (90,'초코칩 쿠키',null,'사이드/음료',1000,null,null,null);
Insert into BUSWAY.BASICMENU (IDX,MENUNAME,SALE,MENUSORT,PRICE15,PRICE30,P_IMG,P_CONTENT) values (92,'더블초코칩 쿠키',null,'사이드/음료',1000,null,null,null);
Insert into BUSWAY.BASICMENU (IDX,MENUNAME,SALE,MENUSORT,PRICE15,PRICE30,P_IMG,P_CONTENT) values (94,'라즈베리 치즈케 쿠키',null,'사이드/음료',1000,null,null,null);
Insert into BUSWAY.BASICMENU (IDX,MENUNAME,SALE,MENUSORT,PRICE15,PRICE30,P_IMG,P_CONTENT) values (96,'오트밀 레이즌 쿠키',null,'사이드/음료',1000,null,null,null);
Insert into BUSWAY.BASICMENU (IDX,MENUNAME,SALE,MENUSORT,PRICE15,PRICE30,P_IMG,P_CONTENT) values (98,'화이트 초코 마카다미아 쿠키',null,'사이드/음료',1000,null,null,null);
Insert into BUSWAY.BASICMENU (IDX,MENUNAME,SALE,MENUSORT,PRICE15,PRICE30,P_IMG,P_CONTENT) values (78,'데리야끼 콤보',null,'프로모션',6000,null,null,null);
Insert into BUSWAY.BASICMENU (IDX,MENUNAME,SALE,MENUSORT,PRICE15,PRICE30,P_IMG,P_CONTENT) values (80,'스테이크 아보카도 랩',null,'랩',3800,null,'스테이크 아보카도 랩.PNG',null);
Insert into BUSWAY.BASICMENU (IDX,MENUNAME,SALE,MENUSORT,PRICE15,PRICE30,P_IMG,P_CONTENT) values (82,'쉬림프 에그마요 랩',null,'랩',2500,null,'쉬림프 에그마요 랩.PNG',null);
Insert into BUSWAY.BASICMENU (IDX,MENUNAME,SALE,MENUSORT,PRICE15,PRICE30,P_IMG,P_CONTENT) values (84,'이탈리안 미니 랩',null,'랩',3000,null,'이탈리안 미니 랩.PNG',null);
Insert into BUSWAY.BASICMENU (IDX,MENUNAME,SALE,MENUSORT,PRICE15,PRICE30,P_IMG,P_CONTENT) values (86,'치킨베이컨 미니 랩',null,'랩',3500,null,'치킨베이컨 미니 랩.PNG',null);
Insert into BUSWAY.BASICMENU (IDX,MENUNAME,SALE,MENUSORT,PRICE15,PRICE30,P_IMG,P_CONTENT) values (88,'스모어스쿠키',null,'사이드음료',1000,null,null,null);
Insert into BUSWAY.BASICMENU (IDX,MENUNAME,SALE,MENUSORT,PRICE15,PRICE30,P_IMG,P_CONTENT) values (100,'오늘의수프',null,'웨지수프',2000,null,null,null);
Insert into BUSWAY.BASICMENU (IDX,MENUNAME,SALE,MENUSORT,PRICE15,PRICE30,P_IMG,P_CONTENT) values (102,'웨지포테이토',null,'웨지수프',1000,null,null,null);
Insert into BUSWAY.BASICMENU (IDX,MENUNAME,SALE,MENUSORT,PRICE15,PRICE30,P_IMG,P_CONTENT) values (104,'해쉬브라운',null,'웨지수프',1000,null,null,null);
Insert into BUSWAY.BASICMENU (IDX,MENUNAME,SALE,MENUSORT,PRICE15,PRICE30,P_IMG,P_CONTENT) values (106,'데리야끼콤보',null,'프로모션',6000,null,null,null);
REM INSERTING into BUSWAY.BASICTOPPING
SET DEFINE OFF;
REM INSERTING into BUSWAY.CART
SET DEFINE OFF;
Insert into BUSWAY.CART (IDX,BREAD_SIZE,ROASTING,BASIC_IDX,USERID,STORE_CODE,CNT,ONE_TOTAL) values (89,15,'undefined',52,'genie','seoul1',1,6200);
Insert into BUSWAY.CART (IDX,BREAD_SIZE,ROASTING,BASIC_IDX,USERID,STORE_CODE,CNT,ONE_TOTAL) values (75,15,'yes',30,'hyeon','서울1',1,6500);
REM INSERTING into BUSWAY.CARTTOPPING
SET DEFINE OFF;
Insert into BUSWAY.CARTTOPPING (IDX,CART_IDX,NAME,QUAN,ORDERDATE) values (343,89,'오이',1,to_date('20/08/06','RR/MM/DD'));
Insert into BUSWAY.CARTTOPPING (IDX,CART_IDX,NAME,QUAN,ORDERDATE) values (344,89,'할라피뇨',1,to_date('20/08/06','RR/MM/DD'));
Insert into BUSWAY.CARTTOPPING (IDX,CART_IDX,NAME,QUAN,ORDERDATE) values (345,89,'올리브',1,to_date('20/08/06','RR/MM/DD'));
Insert into BUSWAY.CARTTOPPING (IDX,CART_IDX,NAME,QUAN,ORDERDATE) values (346,89,'양상추',1,to_date('20/08/06','RR/MM/DD'));
Insert into BUSWAY.CARTTOPPING (IDX,CART_IDX,NAME,QUAN,ORDERDATE) values (347,89,'양파',1,to_date('20/08/06','RR/MM/DD'));
Insert into BUSWAY.CARTTOPPING (IDX,CART_IDX,NAME,QUAN,ORDERDATE) values (348,89,'랜치드레싱',1,to_date('20/08/06','RR/MM/DD'));
Insert into BUSWAY.CARTTOPPING (IDX,CART_IDX,NAME,QUAN,ORDERDATE) values (349,89,'홀스레디쉬',1,to_date('20/08/06','RR/MM/DD'));
Insert into BUSWAY.CARTTOPPING (IDX,CART_IDX,NAME,QUAN,ORDERDATE) values (350,89,'핫칠리',1,to_date('20/08/06','RR/MM/DD'));
Insert into BUSWAY.CARTTOPPING (IDX,CART_IDX,NAME,QUAN,ORDERDATE) values (341,89,'모짜렐라치즈',1,to_date('20/08/06','RR/MM/DD'));
Insert into BUSWAY.CARTTOPPING (IDX,CART_IDX,NAME,QUAN,ORDERDATE) values (342,89,'토마토',1,to_date('20/08/06','RR/MM/DD'));
Insert into BUSWAY.CARTTOPPING (IDX,CART_IDX,NAME,QUAN,ORDERDATE) values (269,75,'토마토',1,to_date('20/08/06','RR/MM/DD'));
Insert into BUSWAY.CARTTOPPING (IDX,CART_IDX,NAME,QUAN,ORDERDATE) values (270,75,'양파',1,to_date('20/08/06','RR/MM/DD'));
Insert into BUSWAY.CARTTOPPING (IDX,CART_IDX,NAME,QUAN,ORDERDATE) values (271,75,'사우스웨스트',1,to_date('20/08/06','RR/MM/DD'));
Insert into BUSWAY.CARTTOPPING (IDX,CART_IDX,NAME,QUAN,ORDERDATE) values (267,75,'위트',1,to_date('20/08/06','RR/MM/DD'));
Insert into BUSWAY.CARTTOPPING (IDX,CART_IDX,NAME,QUAN,ORDERDATE) values (268,75,'슈레드치즈',1,to_date('20/08/06','RR/MM/DD'));
REM INSERTING into BUSWAY.COMMENTS
SET DEFINE OFF;
Insert into BUSWAY.COMMENTS (C_IDX,Q_IDX,STORE_CODE,CONTENT,C_REGDATE) values (2,19,'admin','그냥 해요 돈 주든가',to_date('20/08/06','RR/MM/DD'));
Insert into BUSWAY.COMMENTS (C_IDX,Q_IDX,STORE_CODE,CONTENT,C_REGDATE) values (4,19,'admin','그냥 공짜로 사용하면서 요구사항 많으시네요',to_date('20/08/06','RR/MM/DD'));
REM INSERTING into BUSWAY.DELIVERYADDR
SET DEFINE OFF;
REM INSERTING into BUSWAY.EVENT
SET DEFINE OFF;
Insert into BUSWAY.EVENT (E_IDX,TITLE,START_DATE,END_DATE,CONTENT,VIEWS,IMGPATH,CODE) values (7,'원래영을 찾아라!',to_date('20/08/06','RR/MM/DD'),to_date('20/11/20','RR/MM/DD'),'반에서 원래영을 찾으면 천원 할인!',3,null,'admin');
Insert into BUSWAY.EVENT (E_IDX,TITLE,START_DATE,END_DATE,CONTENT,VIEWS,IMGPATH,CODE) values (2,'지니를 잡아라!',to_date('17/07/31','RR/MM/DD'),null,'지니를 잡으면 선물로 지니의 애교를 드려요',4,null,'admin');
Insert into BUSWAY.EVENT (E_IDX,TITLE,START_DATE,END_DATE,CONTENT,VIEWS,IMGPATH,CODE) values (4,'성현이를 웃겨라!',to_date('20/08/06','RR/MM/DD'),to_date('20/09/18','RR/MM/DD'),'성현이를 10초안에 웃기면 100원 할인해드려요',23,null,'admin');
Insert into BUSWAY.EVENT (E_IDX,TITLE,START_DATE,END_DATE,CONTENT,VIEWS,IMGPATH,CODE) values (6,'매장에서 주문하세요!',to_date('20/08/06','RR/MM/DD'),null,'매장에서 주문시 100% 할인!
홈페이지 이용하지 마세요~',4,null,'admin');
REM INSERTING into BUSWAY.NEWSNOTICE
SET DEFINE OFF;
Insert into BUSWAY.NEWSNOTICE (N_IDX,TITLE,REGDATE,CONTENT,VIEWS,IMGPATH,CODE) values (5,'지니야 사랑해',to_date('20/08/06','RR/MM/DD'),'지니미워',3,null,'admin');
Insert into BUSWAY.NEWSNOTICE (N_IDX,TITLE,REGDATE,CONTENT,VIEWS,IMGPATH,CODE) values (6,'오류발견시 주의사항',to_date('20/08/06','RR/MM/DD'),'오류 발견하면 투덜거리지말고 뒤로 가세요',1,null,'admin');
Insert into BUSWAY.NEWSNOTICE (N_IDX,TITLE,REGDATE,CONTENT,VIEWS,IMGPATH,CODE) values (7,'원래영을 찾아라 이벤트 사항',to_date('20/08/06','RR/MM/DD'),'원래영찾으면 .... 지니 사진 보여드립니다 변경되었습니다.',0,null,'admin');
Insert into BUSWAY.NEWSNOTICE (N_IDX,TITLE,REGDATE,CONTENT,VIEWS,IMGPATH,CODE) values (2,'1',to_date('20/08/05','RR/MM/DD'),'지니 사랑해',2,null,'admin');
Insert into BUSWAY.NEWSNOTICE (N_IDX,TITLE,REGDATE,CONTENT,VIEWS,IMGPATH,CODE) values (4,'2',to_date('20/08/06','RR/MM/DD'),'지니 똥 그만 좀',0,null,'admin');
REM INSERTING into BUSWAY.ORDEREDTOPPING
SET DEFINE OFF;
Insert into BUSWAY.ORDEREDTOPPING (IDX,SUBORDER_IDX,NAME,QUAN,ORDERDATE) values (128,29,'베이컨',1,to_date('20/08/05','RR/MM/DD'));
Insert into BUSWAY.ORDEREDTOPPING (IDX,SUBORDER_IDX,NAME,QUAN,ORDERDATE) values (129,29,'에그마요',1,to_date('20/08/05','RR/MM/DD'));
Insert into BUSWAY.ORDEREDTOPPING (IDX,SUBORDER_IDX,NAME,QUAN,ORDERDATE) values (130,29,'파마산 오레가노',1,to_date('20/08/05','RR/MM/DD'));
Insert into BUSWAY.ORDEREDTOPPING (IDX,SUBORDER_IDX,NAME,QUAN,ORDERDATE) values (131,30,'플랫브레드',1,to_date('20/08/05','RR/MM/DD'));
Insert into BUSWAY.ORDEREDTOPPING (IDX,SUBORDER_IDX,NAME,QUAN,ORDERDATE) values (132,30,'슈레드치즈',1,to_date('20/08/05','RR/MM/DD'));
Insert into BUSWAY.ORDEREDTOPPING (IDX,SUBORDER_IDX,NAME,QUAN,ORDERDATE) values (133,30,'오이',1,to_date('20/08/05','RR/MM/DD'));
Insert into BUSWAY.ORDEREDTOPPING (IDX,SUBORDER_IDX,NAME,QUAN,ORDERDATE) values (134,30,'올리브오일',1,to_date('20/08/05','RR/MM/DD'));
Insert into BUSWAY.ORDEREDTOPPING (IDX,SUBORDER_IDX,NAME,QUAN,ORDERDATE) values (135,30,'아보카도',1,to_date('20/08/05','RR/MM/DD'));
Insert into BUSWAY.ORDEREDTOPPING (IDX,SUBORDER_IDX,NAME,QUAN,ORDERDATE) values (136,31,'슈레드치즈',1,to_date('20/08/05','RR/MM/DD'));
Insert into BUSWAY.ORDEREDTOPPING (IDX,SUBORDER_IDX,NAME,QUAN,ORDERDATE) values (137,31,'오이',1,to_date('20/08/05','RR/MM/DD'));
Insert into BUSWAY.ORDEREDTOPPING (IDX,SUBORDER_IDX,NAME,QUAN,ORDERDATE) values (138,31,'할라피뇨',1,to_date('20/08/05','RR/MM/DD'));
Insert into BUSWAY.ORDEREDTOPPING (IDX,SUBORDER_IDX,NAME,QUAN,ORDERDATE) values (139,31,'양상추',1,to_date('20/08/05','RR/MM/DD'));
Insert into BUSWAY.ORDEREDTOPPING (IDX,SUBORDER_IDX,NAME,QUAN,ORDERDATE) values (140,31,'후추',1,to_date('20/08/05','RR/MM/DD'));
Insert into BUSWAY.ORDEREDTOPPING (IDX,SUBORDER_IDX,NAME,QUAN,ORDERDATE) values (141,31,'사우스웨스트',1,to_date('20/08/05','RR/MM/DD'));
Insert into BUSWAY.ORDEREDTOPPING (IDX,SUBORDER_IDX,NAME,QUAN,ORDERDATE) values (142,31,'홀스레디쉬',1,to_date('20/08/05','RR/MM/DD'));
Insert into BUSWAY.ORDEREDTOPPING (IDX,SUBORDER_IDX,NAME,QUAN,ORDERDATE) values (143,31,'에그마요',1,to_date('20/08/05','RR/MM/DD'));
Insert into BUSWAY.ORDEREDTOPPING (IDX,SUBORDER_IDX,NAME,QUAN,ORDERDATE) values (144,31,'베이컨',1,to_date('20/08/05','RR/MM/DD'));
Insert into BUSWAY.ORDEREDTOPPING (IDX,SUBORDER_IDX,NAME,QUAN,ORDERDATE) values (145,31,'위트',1,to_date('20/08/05','RR/MM/DD'));
Insert into BUSWAY.ORDEREDTOPPING (IDX,SUBORDER_IDX,NAME,QUAN,ORDERDATE) values (146,32,'허니오트',1,to_date('20/08/05','RR/MM/DD'));
Insert into BUSWAY.ORDEREDTOPPING (IDX,SUBORDER_IDX,NAME,QUAN,ORDERDATE) values (147,32,'슈레드치즈',1,to_date('20/08/05','RR/MM/DD'));
Insert into BUSWAY.ORDEREDTOPPING (IDX,SUBORDER_IDX,NAME,QUAN,ORDERDATE) values (126,29,'모짜렐라치즈',1,to_date('20/08/05','RR/MM/DD'));
Insert into BUSWAY.ORDEREDTOPPING (IDX,SUBORDER_IDX,NAME,QUAN,ORDERDATE) values (127,29,'핫칠리',1,to_date('20/08/05','RR/MM/DD'));
Insert into BUSWAY.ORDEREDTOPPING (IDX,SUBORDER_IDX,NAME,QUAN,ORDERDATE) values (148,32,'할라피뇨',1,to_date('20/08/05','RR/MM/DD'));
Insert into BUSWAY.ORDEREDTOPPING (IDX,SUBORDER_IDX,NAME,QUAN,ORDERDATE) values (149,32,'피클',1,to_date('20/08/05','RR/MM/DD'));
Insert into BUSWAY.ORDEREDTOPPING (IDX,SUBORDER_IDX,NAME,QUAN,ORDERDATE) values (150,32,'핫칠리',1,to_date('20/08/05','RR/MM/DD'));
Insert into BUSWAY.ORDEREDTOPPING (IDX,SUBORDER_IDX,NAME,QUAN,ORDERDATE) values (164,37,'토마토',1,to_date('20/08/06','RR/MM/DD'));
Insert into BUSWAY.ORDEREDTOPPING (IDX,SUBORDER_IDX,NAME,QUAN,ORDERDATE) values (165,37,'후추',1,to_date('20/08/06','RR/MM/DD'));
Insert into BUSWAY.ORDEREDTOPPING (IDX,SUBORDER_IDX,NAME,QUAN,ORDERDATE) values (166,37,'오믈렛',1,to_date('20/08/06','RR/MM/DD'));
Insert into BUSWAY.ORDEREDTOPPING (IDX,SUBORDER_IDX,NAME,QUAN,ORDERDATE) values (167,37,'화이트',1,to_date('20/08/06','RR/MM/DD'));
Insert into BUSWAY.ORDEREDTOPPING (IDX,SUBORDER_IDX,NAME,QUAN,ORDERDATE) values (168,37,'아메리칸치즈',1,to_date('20/08/06','RR/MM/DD'));
Insert into BUSWAY.ORDEREDTOPPING (IDX,SUBORDER_IDX,NAME,QUAN,ORDERDATE) values (169,38,'아메리칸치즈',1,to_date('20/08/06','RR/MM/DD'));
Insert into BUSWAY.ORDEREDTOPPING (IDX,SUBORDER_IDX,NAME,QUAN,ORDERDATE) values (170,38,'할라피뇨',1,to_date('20/08/06','RR/MM/DD'));
Insert into BUSWAY.ORDEREDTOPPING (IDX,SUBORDER_IDX,NAME,QUAN,ORDERDATE) values (171,38,'올리브오일',1,to_date('20/08/06','RR/MM/DD'));
Insert into BUSWAY.ORDEREDTOPPING (IDX,SUBORDER_IDX,NAME,QUAN,ORDERDATE) values (172,38,'페퍼로니',1,to_date('20/08/06','RR/MM/DD'));
Insert into BUSWAY.ORDEREDTOPPING (IDX,SUBORDER_IDX,NAME,QUAN,ORDERDATE) values (173,39,'베이컨',1,to_date('20/08/06','RR/MM/DD'));
Insert into BUSWAY.ORDEREDTOPPING (IDX,SUBORDER_IDX,NAME,QUAN,ORDERDATE) values (174,39,'슈레드치즈',1,to_date('20/08/06','RR/MM/DD'));
Insert into BUSWAY.ORDEREDTOPPING (IDX,SUBORDER_IDX,NAME,QUAN,ORDERDATE) values (175,39,'올리브오일',1,to_date('20/08/06','RR/MM/DD'));
Insert into BUSWAY.ORDEREDTOPPING (IDX,SUBORDER_IDX,NAME,QUAN,ORDERDATE) values (178,40,'올리브오일',1,to_date('20/08/06','RR/MM/DD'));
Insert into BUSWAY.ORDEREDTOPPING (IDX,SUBORDER_IDX,NAME,QUAN,ORDERDATE) values (208,46,'아메리칸치즈',1,to_date('20/08/06','RR/MM/DD'));
Insert into BUSWAY.ORDEREDTOPPING (IDX,SUBORDER_IDX,NAME,QUAN,ORDERDATE) values (209,46,'토마토',1,to_date('20/08/06','RR/MM/DD'));
Insert into BUSWAY.ORDEREDTOPPING (IDX,SUBORDER_IDX,NAME,QUAN,ORDERDATE) values (210,46,'오이',1,to_date('20/08/06','RR/MM/DD'));
Insert into BUSWAY.ORDEREDTOPPING (IDX,SUBORDER_IDX,NAME,QUAN,ORDERDATE) values (211,46,'할라피뇨',1,to_date('20/08/06','RR/MM/DD'));
Insert into BUSWAY.ORDEREDTOPPING (IDX,SUBORDER_IDX,NAME,QUAN,ORDERDATE) values (212,46,'올리브',1,to_date('20/08/06','RR/MM/DD'));
Insert into BUSWAY.ORDEREDTOPPING (IDX,SUBORDER_IDX,NAME,QUAN,ORDERDATE) values (213,46,'양상추',1,to_date('20/08/06','RR/MM/DD'));
Insert into BUSWAY.ORDEREDTOPPING (IDX,SUBORDER_IDX,NAME,QUAN,ORDERDATE) values (214,46,'양파',1,to_date('20/08/06','RR/MM/DD'));
Insert into BUSWAY.ORDEREDTOPPING (IDX,SUBORDER_IDX,NAME,QUAN,ORDERDATE) values (215,46,'파마산 오레가노',1,to_date('20/08/06','RR/MM/DD'));
Insert into BUSWAY.ORDEREDTOPPING (IDX,SUBORDER_IDX,NAME,QUAN,ORDERDATE) values (216,46,'랜치드레싱',1,to_date('20/08/06','RR/MM/DD'));
Insert into BUSWAY.ORDEREDTOPPING (IDX,SUBORDER_IDX,NAME,QUAN,ORDERDATE) values (217,46,'홀스레디쉬',1,to_date('20/08/06','RR/MM/DD'));
Insert into BUSWAY.ORDEREDTOPPING (IDX,SUBORDER_IDX,NAME,QUAN,ORDERDATE) values (218,46,'핫칠리',1,to_date('20/08/06','RR/MM/DD'));
Insert into BUSWAY.ORDEREDTOPPING (IDX,SUBORDER_IDX,NAME,QUAN,ORDERDATE) values (176,40,'베이컨',1,to_date('20/08/06','RR/MM/DD'));
Insert into BUSWAY.ORDEREDTOPPING (IDX,SUBORDER_IDX,NAME,QUAN,ORDERDATE) values (177,40,'모짜렐라치즈',1,to_date('20/08/06','RR/MM/DD'));
Insert into BUSWAY.ORDEREDTOPPING (IDX,SUBORDER_IDX,NAME,QUAN,ORDERDATE) values (151,33,'오이',1,to_date('20/08/06','RR/MM/DD'));
Insert into BUSWAY.ORDEREDTOPPING (IDX,SUBORDER_IDX,NAME,QUAN,ORDERDATE) values (152,33,'피클',1,to_date('20/08/06','RR/MM/DD'));
Insert into BUSWAY.ORDEREDTOPPING (IDX,SUBORDER_IDX,NAME,QUAN,ORDERDATE) values (153,33,'허니오트',1,to_date('20/08/06','RR/MM/DD'));
Insert into BUSWAY.ORDEREDTOPPING (IDX,SUBORDER_IDX,NAME,QUAN,ORDERDATE) values (154,33,'슈레드치즈',1,to_date('20/08/06','RR/MM/DD'));
Insert into BUSWAY.ORDEREDTOPPING (IDX,SUBORDER_IDX,NAME,QUAN,ORDERDATE) values (155,34,'피클',1,to_date('20/08/06','RR/MM/DD'));
Insert into BUSWAY.ORDEREDTOPPING (IDX,SUBORDER_IDX,NAME,QUAN,ORDERDATE) values (156,34,'핫칠리',1,to_date('20/08/06','RR/MM/DD'));
Insert into BUSWAY.ORDEREDTOPPING (IDX,SUBORDER_IDX,NAME,QUAN,ORDERDATE) values (157,34,'베이컨',1,to_date('20/08/06','RR/MM/DD'));
Insert into BUSWAY.ORDEREDTOPPING (IDX,SUBORDER_IDX,NAME,QUAN,ORDERDATE) values (158,34,'플랫브레드',1,to_date('20/08/06','RR/MM/DD'));
Insert into BUSWAY.ORDEREDTOPPING (IDX,SUBORDER_IDX,NAME,QUAN,ORDERDATE) values (159,34,'슈레드치즈',1,to_date('20/08/06','RR/MM/DD'));
Insert into BUSWAY.ORDEREDTOPPING (IDX,SUBORDER_IDX,NAME,QUAN,ORDERDATE) values (160,35,'슈레드치즈',1,to_date('20/08/06','RR/MM/DD'));
Insert into BUSWAY.ORDEREDTOPPING (IDX,SUBORDER_IDX,NAME,QUAN,ORDERDATE) values (161,35,'올리브오일',1,to_date('20/08/06','RR/MM/DD'));
Insert into BUSWAY.ORDEREDTOPPING (IDX,SUBORDER_IDX,NAME,QUAN,ORDERDATE) values (162,35,'베이컨',1,to_date('20/08/06','RR/MM/DD'));
Insert into BUSWAY.ORDEREDTOPPING (IDX,SUBORDER_IDX,NAME,QUAN,ORDERDATE) values (163,36,'위트',1,to_date('20/08/06','RR/MM/DD'));
Insert into BUSWAY.ORDEREDTOPPING (IDX,SUBORDER_IDX,NAME,QUAN,ORDERDATE) values (219,47,'슈레드치즈',1,to_date('20/08/06','RR/MM/DD'));
Insert into BUSWAY.ORDEREDTOPPING (IDX,SUBORDER_IDX,NAME,QUAN,ORDERDATE) values (220,47,'모짜렐라치즈',1,to_date('20/08/06','RR/MM/DD'));
Insert into BUSWAY.ORDEREDTOPPING (IDX,SUBORDER_IDX,NAME,QUAN,ORDERDATE) values (221,47,'오이',1,to_date('20/08/06','RR/MM/DD'));
Insert into BUSWAY.ORDEREDTOPPING (IDX,SUBORDER_IDX,NAME,QUAN,ORDERDATE) values (222,47,'할라피뇨',1,to_date('20/08/06','RR/MM/DD'));
Insert into BUSWAY.ORDEREDTOPPING (IDX,SUBORDER_IDX,NAME,QUAN,ORDERDATE) values (124,28,'베이컨',1,to_date('20/08/05','RR/MM/DD'));
Insert into BUSWAY.ORDEREDTOPPING (IDX,SUBORDER_IDX,NAME,QUAN,ORDERDATE) values (125,28,'에그마요',1,to_date('20/08/05','RR/MM/DD'));
Insert into BUSWAY.ORDEREDTOPPING (IDX,SUBORDER_IDX,NAME,QUAN,ORDERDATE) values (179,41,'허니오트',1,to_date('20/08/06','RR/MM/DD'));
Insert into BUSWAY.ORDEREDTOPPING (IDX,SUBORDER_IDX,NAME,QUAN,ORDERDATE) values (180,41,'슈레드치즈',1,to_date('20/08/06','RR/MM/DD'));
Insert into BUSWAY.ORDEREDTOPPING (IDX,SUBORDER_IDX,NAME,QUAN,ORDERDATE) values (181,41,'토마토',1,to_date('20/08/06','RR/MM/DD'));
Insert into BUSWAY.ORDEREDTOPPING (IDX,SUBORDER_IDX,NAME,QUAN,ORDERDATE) values (182,41,'양파',1,to_date('20/08/06','RR/MM/DD'));
Insert into BUSWAY.ORDEREDTOPPING (IDX,SUBORDER_IDX,NAME,QUAN,ORDERDATE) values (183,41,'양상추',1,to_date('20/08/06','RR/MM/DD'));
Insert into BUSWAY.ORDEREDTOPPING (IDX,SUBORDER_IDX,NAME,QUAN,ORDERDATE) values (184,41,'올리브오일',1,to_date('20/08/06','RR/MM/DD'));
Insert into BUSWAY.ORDEREDTOPPING (IDX,SUBORDER_IDX,NAME,QUAN,ORDERDATE) values (185,41,'소금',1,to_date('20/08/06','RR/MM/DD'));
Insert into BUSWAY.ORDEREDTOPPING (IDX,SUBORDER_IDX,NAME,QUAN,ORDERDATE) values (186,41,'후추',1,to_date('20/08/06','RR/MM/DD'));
Insert into BUSWAY.ORDEREDTOPPING (IDX,SUBORDER_IDX,NAME,QUAN,ORDERDATE) values (187,41,'페퍼로니',1,to_date('20/08/06','RR/MM/DD'));
Insert into BUSWAY.ORDEREDTOPPING (IDX,SUBORDER_IDX,NAME,QUAN,ORDERDATE) values (188,41,'에그마요',1,to_date('20/08/06','RR/MM/DD'));
Insert into BUSWAY.ORDEREDTOPPING (IDX,SUBORDER_IDX,NAME,QUAN,ORDERDATE) values (189,41,'베이컨',1,to_date('20/08/06','RR/MM/DD'));
Insert into BUSWAY.ORDEREDTOPPING (IDX,SUBORDER_IDX,NAME,QUAN,ORDERDATE) values (190,42,'파마산 오레가노',1,to_date('20/08/06','RR/MM/DD'));
Insert into BUSWAY.ORDEREDTOPPING (IDX,SUBORDER_IDX,NAME,QUAN,ORDERDATE) values (191,42,'모짜렐라치즈',1,to_date('20/08/06','RR/MM/DD'));
Insert into BUSWAY.ORDEREDTOPPING (IDX,SUBORDER_IDX,NAME,QUAN,ORDERDATE) values (192,42,'슈레드치즈',1,to_date('20/08/06','RR/MM/DD'));
Insert into BUSWAY.ORDEREDTOPPING (IDX,SUBORDER_IDX,NAME,QUAN,ORDERDATE) values (193,42,'올리브오일',1,to_date('20/08/06','RR/MM/DD'));
Insert into BUSWAY.ORDEREDTOPPING (IDX,SUBORDER_IDX,NAME,QUAN,ORDERDATE) values (194,42,'베이컨',1,to_date('20/08/06','RR/MM/DD'));
Insert into BUSWAY.ORDEREDTOPPING (IDX,SUBORDER_IDX,NAME,QUAN,ORDERDATE) values (195,43,'토마토',1,to_date('20/08/06','RR/MM/DD'));
Insert into BUSWAY.ORDEREDTOPPING (IDX,SUBORDER_IDX,NAME,QUAN,ORDERDATE) values (196,43,'핫칠리',1,to_date('20/08/06','RR/MM/DD'));
Insert into BUSWAY.ORDEREDTOPPING (IDX,SUBORDER_IDX,NAME,QUAN,ORDERDATE) values (197,43,'위트',1,to_date('20/08/06','RR/MM/DD'));
Insert into BUSWAY.ORDEREDTOPPING (IDX,SUBORDER_IDX,NAME,QUAN,ORDERDATE) values (198,43,'슈레드치즈',1,to_date('20/08/06','RR/MM/DD'));
Insert into BUSWAY.ORDEREDTOPPING (IDX,SUBORDER_IDX,NAME,QUAN,ORDERDATE) values (199,44,'허니오트',1,to_date('20/08/06','RR/MM/DD'));
Insert into BUSWAY.ORDEREDTOPPING (IDX,SUBORDER_IDX,NAME,QUAN,ORDERDATE) values (200,44,'슈레드치즈',1,to_date('20/08/06','RR/MM/DD'));
Insert into BUSWAY.ORDEREDTOPPING (IDX,SUBORDER_IDX,NAME,QUAN,ORDERDATE) values (201,44,'토마토',1,to_date('20/08/06','RR/MM/DD'));
Insert into BUSWAY.ORDEREDTOPPING (IDX,SUBORDER_IDX,NAME,QUAN,ORDERDATE) values (202,44,'후추',1,to_date('20/08/06','RR/MM/DD'));
Insert into BUSWAY.ORDEREDTOPPING (IDX,SUBORDER_IDX,NAME,QUAN,ORDERDATE) values (203,44,'오믈렛',1,to_date('20/08/06','RR/MM/DD'));
Insert into BUSWAY.ORDEREDTOPPING (IDX,SUBORDER_IDX,NAME,QUAN,ORDERDATE) values (204,45,'양상추',1,to_date('20/08/06','RR/MM/DD'));
Insert into BUSWAY.ORDEREDTOPPING (IDX,SUBORDER_IDX,NAME,QUAN,ORDERDATE) values (205,45,'사우스웨스트',1,to_date('20/08/06','RR/MM/DD'));
Insert into BUSWAY.ORDEREDTOPPING (IDX,SUBORDER_IDX,NAME,QUAN,ORDERDATE) values (206,45,'베이컨',1,to_date('20/08/06','RR/MM/DD'));
Insert into BUSWAY.ORDEREDTOPPING (IDX,SUBORDER_IDX,NAME,QUAN,ORDERDATE) values (122,28,'모짜렐라치즈',1,to_date('20/08/05','RR/MM/DD'));
Insert into BUSWAY.ORDEREDTOPPING (IDX,SUBORDER_IDX,NAME,QUAN,ORDERDATE) values (123,28,'핫칠리',1,to_date('20/08/05','RR/MM/DD'));
Insert into BUSWAY.ORDEREDTOPPING (IDX,SUBORDER_IDX,NAME,QUAN,ORDERDATE) values (207,45,'아메리칸치즈',1,to_date('20/08/06','RR/MM/DD'));
REM INSERTING into BUSWAY.QNA
SET DEFINE OFF;
Insert into BUSWAY.QNA (Q_IDX,IMGPATH,TITLE,CONTENT,VIEWS,REGDATE,USERID) values (21,null,'안녕','안녕',0,to_date('20/08/06','RR/MM/DD'),'woobum');
Insert into BUSWAY.QNA (Q_IDX,IMGPATH,TITLE,CONTENT,VIEWS,REGDATE,USERID) values (20,null,'원래영 기사 불친절 신고','어떻게 이런 분을 배달기사로 쓰시나요? 제발 좀 친절한 분으로 써주세요!! 내가 내 돈으로 사먹고선 이런 기분을 느껴야하나요? 기분 잡치게 정말!!!!',1,to_date('20/08/06','RR/MM/DD'),'genie');
Insert into BUSWAY.QNA (Q_IDX,IMGPATH,TITLE,CONTENT,VIEWS,REGDATE,USERID) values (16,null,'지니에게 문의','왜 너는 그렇게 산책을 좋아해? 그만 좀 가자 ㅠ
집 좀 그만 어지르고 정말!!사랑해~',6,to_date('20/08/06','RR/MM/DD'),'genie');
Insert into BUSWAY.QNA (Q_IDX,IMGPATH,TITLE,CONTENT,VIEWS,REGDATE,USERID) values (5,null,'지니야 사랑해','지니야 제발 산책할 때 말 좀 듣지 않겠니? 내가 널 위해서 나가주는데 그렇게 난리부르스를 쳐야 속이 시원해? 길고양이 좀 가만히 냅두고
동네 강아지들도 너 싫어하니깐 관심 좀 그만 가져!!',2,to_date('20/08/04','RR/MM/DD'),'genie1');
Insert into BUSWAY.QNA (Q_IDX,IMGPATH,TITLE,CONTENT,VIEWS,REGDATE,USERID) values (7,null,'1111','dfaadf',1,to_date('20/08/04','RR/MM/DD'),'genie1');
Insert into BUSWAY.QNA (Q_IDX,IMGPATH,TITLE,CONTENT,VIEWS,REGDATE,USERID) values (17,null,'지니야 사랑해','사실 뻥이야',0,to_date('20/08/06','RR/MM/DD'),'genie');
Insert into BUSWAY.QNA (Q_IDX,IMGPATH,TITLE,CONTENT,VIEWS,REGDATE,USERID) values (18,null,'피자 먹는다구?','에에베베 관리자만 댓글쓰기 가능하지렁~',3,to_date('20/08/06','RR/MM/DD'),'genie');
Insert into BUSWAY.QNA (Q_IDX,IMGPATH,TITLE,CONTENT,VIEWS,REGDATE,USERID) values (19,null,'주문과정이 너무 복잡해요!!!!','추천조합 팔아주세요!!!!!',8,to_date('20/08/06','RR/MM/DD'),'genie');
REM INSERTING into BUSWAY.STOCKCONTROLL
SET DEFINE OFF;
Insert into BUSWAY.STOCKCONTROLL (STOCK_IDX,NAME,STOCK,STORE_CODE) values ('121','화이트','100','seoul1');
Insert into BUSWAY.STOCKCONTROLL (STOCK_IDX,NAME,STOCK,STORE_CODE) values ('122','위트','100','seoul1');
Insert into BUSWAY.STOCKCONTROLL (STOCK_IDX,NAME,STOCK,STORE_CODE) values ('123','허니오트','100','seoul1');
Insert into BUSWAY.STOCKCONTROLL (STOCK_IDX,NAME,STOCK,STORE_CODE) values ('124','하티','100','seoul1');
Insert into BUSWAY.STOCKCONTROLL (STOCK_IDX,NAME,STOCK,STORE_CODE) values ('127','아메리칸치즈','100','seoul1');
Insert into BUSWAY.STOCKCONTROLL (STOCK_IDX,NAME,STOCK,STORE_CODE) values ('128','슈레드치즈','100','seoul1');
Insert into BUSWAY.STOCKCONTROLL (STOCK_IDX,NAME,STOCK,STORE_CODE) values ('129','모짜렐라치즈','100','seoul1');
Insert into BUSWAY.STOCKCONTROLL (STOCK_IDX,NAME,STOCK,STORE_CODE) values ('130','양상추','100','seoul1');
Insert into BUSWAY.STOCKCONTROLL (STOCK_IDX,NAME,STOCK,STORE_CODE) values ('131','토마토','100','seoul1');
Insert into BUSWAY.STOCKCONTROLL (STOCK_IDX,NAME,STOCK,STORE_CODE) values ('132','오이','100','seoul1');
Insert into BUSWAY.STOCKCONTROLL (STOCK_IDX,NAME,STOCK,STORE_CODE) values ('133','피망','100','seoul1');
Insert into BUSWAY.STOCKCONTROLL (STOCK_IDX,NAME,STOCK,STORE_CODE) values ('134','양파','100','seoul1');
Insert into BUSWAY.STOCKCONTROLL (STOCK_IDX,NAME,STOCK,STORE_CODE) values ('135','피클','100','seoul1');
Insert into BUSWAY.STOCKCONTROLL (STOCK_IDX,NAME,STOCK,STORE_CODE) values ('136','올리브','100','seoul1');
Insert into BUSWAY.STOCKCONTROLL (STOCK_IDX,NAME,STOCK,STORE_CODE) values ('137','할라피뇨','100','seoul1');
Insert into BUSWAY.STOCKCONTROLL (STOCK_IDX,NAME,STOCK,STORE_CODE) values ('138','머스타드','100','seoul1');
Insert into BUSWAY.STOCKCONTROLL (STOCK_IDX,NAME,STOCK,STORE_CODE) values ('139','레드와인식초','100','seoul1');
Insert into BUSWAY.STOCKCONTROLL (STOCK_IDX,NAME,STOCK,STORE_CODE) values ('140','스윗어니언','100','seoul1');
Insert into BUSWAY.STOCKCONTROLL (STOCK_IDX,NAME,STOCK,STORE_CODE) values ('141','허니머스타드','100','seoul1');
Insert into BUSWAY.STOCKCONTROLL (STOCK_IDX,NAME,STOCK,STORE_CODE) values ('142','스윗칠리','100','seoul1');
Insert into BUSWAY.STOCKCONTROLL (STOCK_IDX,NAME,STOCK,STORE_CODE) values ('143','스모크바베큐','100','seoul1');
Insert into BUSWAY.STOCKCONTROLL (STOCK_IDX,NAME,STOCK,STORE_CODE) values ('144','올리브','100','seoul1');
Insert into BUSWAY.STOCKCONTROLL (STOCK_IDX,NAME,STOCK,STORE_CODE) values ('145','랜치드레싱','100','seoul1');
Insert into BUSWAY.STOCKCONTROLL (STOCK_IDX,NAME,STOCK,STORE_CODE) values ('146','마요네즈','100','seoul1');
Insert into BUSWAY.STOCKCONTROLL (STOCK_IDX,NAME,STOCK,STORE_CODE) values ('147','핫칠리','100','seoul1');
Insert into BUSWAY.STOCKCONTROLL (STOCK_IDX,NAME,STOCK,STORE_CODE) values ('148','사우스웨스트','100','seoul1');
Insert into BUSWAY.STOCKCONTROLL (STOCK_IDX,NAME,STOCK,STORE_CODE) values ('149','홀스레디쉬','100','seoul1');
Insert into BUSWAY.STOCKCONTROLL (STOCK_IDX,NAME,STOCK,STORE_CODE) values ('150','올리브오일','100','seoul1');
Insert into BUSWAY.STOCKCONTROLL (STOCK_IDX,NAME,STOCK,STORE_CODE) values ('151','소금','100','seoul1');
Insert into BUSWAY.STOCKCONTROLL (STOCK_IDX,NAME,STOCK,STORE_CODE) values ('152','후추','100','seoul1');
Insert into BUSWAY.STOCKCONTROLL (STOCK_IDX,NAME,STOCK,STORE_CODE) values ('153','에그마요','100','seoul1');
Insert into BUSWAY.STOCKCONTROLL (STOCK_IDX,NAME,STOCK,STORE_CODE) values ('154','페퍼로니','100','seoul1');
Insert into BUSWAY.STOCKCONTROLL (STOCK_IDX,NAME,STOCK,STORE_CODE) values ('155','베이컨','100','seoul1');
Insert into BUSWAY.STOCKCONTROLL (STOCK_IDX,NAME,STOCK,STORE_CODE) values ('156','아보카도','100','seoul1');
Insert into BUSWAY.STOCKCONTROLL (STOCK_IDX,NAME,STOCK,STORE_CODE) values ('157','오믈렛','100','seoul1');
REM INSERTING into BUSWAY.STORE
SET DEFINE OFF;
Insert into BUSWAY.STORE (CODE,NAME,ADDR,SHOP_NUMBER,EMAIL,PWD) values ('서울1','논현점','서초구','0101',null,'1111');
Insert into BUSWAY.STORE (CODE,NAME,ADDR,SHOP_NUMBER,EMAIL,PWD) values ('admin','admin','admin','admin','admin','admin');
Insert into BUSWAY.STORE (CODE,NAME,ADDR,SHOP_NUMBER,EMAIL,PWD) values ('seoul1','seoul1','서울','010','seoul@gamil.com','pwd');
Insert into BUSWAY.STORE (CODE,NAME,ADDR,SHOP_NUMBER,EMAIL,PWD) values ('서울2','강남점','서초구','0100731',null,'2222');
REM INSERTING into BUSWAY.SUBORDER
SET DEFINE OFF;
Insert into BUSWAY.SUBORDER (IDX,BREAD_SIZE,ROASTING,BASIC_IDX,ID,STORE_CODE,CNT,ONE_TOTAL,ORDERIDX) values (29,15,'yes',24,'genie','seoul1',1,9300,25);
Insert into BUSWAY.SUBORDER (IDX,BREAD_SIZE,ROASTING,BASIC_IDX,ID,STORE_CODE,CNT,ONE_TOTAL,ORDERIDX) values (31,15,'yes',64,'genie','seoul1',1,11000,26);
Insert into BUSWAY.SUBORDER (IDX,BREAD_SIZE,ROASTING,BASIC_IDX,ID,STORE_CODE,CNT,ONE_TOTAL,ORDERIDX) values (32,15,'yes',24,'genie','seoul1',1,6800,27);
Insert into BUSWAY.SUBORDER (IDX,BREAD_SIZE,ROASTING,BASIC_IDX,ID,STORE_CODE,CNT,ONE_TOTAL,ORDERIDX) values (30,15,'yes',38,'genie','seoul1',1,8100,25);
Insert into BUSWAY.SUBORDER (IDX,BREAD_SIZE,ROASTING,BASIC_IDX,ID,STORE_CODE,CNT,ONE_TOTAL,ORDERIDX) values (37,15,'yes',30,'hyeon','서울1',2,7700,34);
Insert into BUSWAY.SUBORDER (IDX,BREAD_SIZE,ROASTING,BASIC_IDX,ID,STORE_CODE,CNT,ONE_TOTAL,ORDERIDX) values (38,15,'undefined',60,'hyeon','서울1',1,8600,34);
Insert into BUSWAY.SUBORDER (IDX,BREAD_SIZE,ROASTING,BASIC_IDX,ID,STORE_CODE,CNT,ONE_TOTAL,ORDERIDX) values (39,15,'undefined',52,'genie1','seoul1',1,7100,35);
Insert into BUSWAY.SUBORDER (IDX,BREAD_SIZE,ROASTING,BASIC_IDX,ID,STORE_CODE,CNT,ONE_TOTAL,ORDERIDX) values (40,15,'undefined',52,'genie1','서울2',1,7100,36);
Insert into BUSWAY.SUBORDER (IDX,BREAD_SIZE,ROASTING,BASIC_IDX,ID,STORE_CODE,CNT,ONE_TOTAL,ORDERIDX) values (46,15,'yes',36,'genie','서울2',3,6800,40);
Insert into BUSWAY.SUBORDER (IDX,BREAD_SIZE,ROASTING,BASIC_IDX,ID,STORE_CODE,CNT,ONE_TOTAL,ORDERIDX) values (33,15,'yes',40,'genie','서울1',1,7200,31);
Insert into BUSWAY.SUBORDER (IDX,BREAD_SIZE,ROASTING,BASIC_IDX,ID,STORE_CODE,CNT,ONE_TOTAL,ORDERIDX) values (35,15,'undefined',52,'genie','서울1',2,7100,33);
Insert into BUSWAY.SUBORDER (IDX,BREAD_SIZE,ROASTING,BASIC_IDX,ID,STORE_CODE,CNT,ONE_TOTAL,ORDERIDX) values (34,15,'yes',24,'genie','서울2',1,7700,32);
Insert into BUSWAY.SUBORDER (IDX,BREAD_SIZE,ROASTING,BASIC_IDX,ID,STORE_CODE,CNT,ONE_TOTAL,ORDERIDX) values (36,15,'yes',24,'genie','서울1',2,5900,33);
Insert into BUSWAY.SUBORDER (IDX,BREAD_SIZE,ROASTING,BASIC_IDX,ID,STORE_CODE,CNT,ONE_TOTAL,ORDERIDX) values (47,15,'undefined',52,'woobum','seoul1',2,7100,41);
Insert into BUSWAY.SUBORDER (IDX,BREAD_SIZE,ROASTING,BASIC_IDX,ID,STORE_CODE,CNT,ONE_TOTAL,ORDERIDX) values (42,15,'no',30,'genie','서울2',1,8300,38);
Insert into BUSWAY.SUBORDER (IDX,BREAD_SIZE,ROASTING,BASIC_IDX,ID,STORE_CODE,CNT,ONE_TOTAL,ORDERIDX) values (43,15,'yes',26,'genie','서울2',2,6800,38);
Insert into BUSWAY.SUBORDER (IDX,BREAD_SIZE,ROASTING,BASIC_IDX,ID,STORE_CODE,CNT,ONE_TOTAL,ORDERIDX) values (28,15,'yes',24,'genie','seoul1',1,9300,24);
Insert into BUSWAY.SUBORDER (IDX,BREAD_SIZE,ROASTING,BASIC_IDX,ID,STORE_CODE,CNT,ONE_TOTAL,ORDERIDX) values (41,15,'yes',24,'woobum','서울1',2,10200,37);
Insert into BUSWAY.SUBORDER (IDX,BREAD_SIZE,ROASTING,BASIC_IDX,ID,STORE_CODE,CNT,ONE_TOTAL,ORDERIDX) values (44,30,'yes',38,'genie','seoul1',1,12000,39);
Insert into BUSWAY.SUBORDER (IDX,BREAD_SIZE,ROASTING,BASIC_IDX,ID,STORE_CODE,CNT,ONE_TOTAL,ORDERIDX) values (45,15,'undefined',58,'genie','seoul1',1,8200,39);
REM INSERTING into BUSWAY.USERORDER
SET DEFINE OFF;
Insert into BUSWAY.USERORDER (IDX,ID,ALL_TOTAL,ADDR,ORDERDATE) values (25,'genie',17400,'1111',to_date('20/08/05','RR/MM/DD'));
Insert into BUSWAY.USERORDER (IDX,ID,ALL_TOTAL,ADDR,ORDERDATE) values (27,'genie',6800,'1111',to_date('20/08/05','RR/MM/DD'));
Insert into BUSWAY.USERORDER (IDX,ID,ALL_TOTAL,ADDR,ORDERDATE) values (26,'genie',11000,'1111',to_date('20/08/05','RR/MM/DD'));
Insert into BUSWAY.USERORDER (IDX,ID,ALL_TOTAL,ADDR,ORDERDATE) values (29,'genielove',0,'구리시 사노동',to_date('20/08/06','RR/MM/DD'));
Insert into BUSWAY.USERORDER (IDX,ID,ALL_TOTAL,ADDR,ORDERDATE) values (34,'hyeon',24000,'1111',to_date('20/08/06','RR/MM/DD'));
Insert into BUSWAY.USERORDER (IDX,ID,ALL_TOTAL,ADDR,ORDERDATE) values (35,'genie1',7100,'구리',to_date('20/08/06','RR/MM/DD'));
Insert into BUSWAY.USERORDER (IDX,ID,ALL_TOTAL,ADDR,ORDERDATE) values (40,'genie',20400,'1111',to_date('20/08/06','RR/MM/DD'));
Insert into BUSWAY.USERORDER (IDX,ID,ALL_TOTAL,ADDR,ORDERDATE) values (30,'genie',0,'1111',to_date('20/08/06','RR/MM/DD'));
Insert into BUSWAY.USERORDER (IDX,ID,ALL_TOTAL,ADDR,ORDERDATE) values (36,'genie1',7100,'구리',to_date('20/08/06','RR/MM/DD'));
Insert into BUSWAY.USERORDER (IDX,ID,ALL_TOTAL,ADDR,ORDERDATE) values (31,'genie',7200,'1111',to_date('20/08/06','RR/MM/DD'));
Insert into BUSWAY.USERORDER (IDX,ID,ALL_TOTAL,ADDR,ORDERDATE) values (33,'genie',26000,'1111',to_date('20/08/06','RR/MM/DD'));
Insert into BUSWAY.USERORDER (IDX,ID,ALL_TOTAL,ADDR,ORDERDATE) values (32,'genie',7700,'1111',to_date('20/08/06','RR/MM/DD'));
Insert into BUSWAY.USERORDER (IDX,ID,ALL_TOTAL,ADDR,ORDERDATE) values (41,'woobum',14200,'비밀^^',to_date('20/08/06','RR/MM/DD'));
Insert into BUSWAY.USERORDER (IDX,ID,ALL_TOTAL,ADDR,ORDERDATE) values (37,'woobum',20400,'비밀^^',to_date('20/08/06','RR/MM/DD'));
Insert into BUSWAY.USERORDER (IDX,ID,ALL_TOTAL,ADDR,ORDERDATE) values (38,'genie',21900,'1111',to_date('20/08/06','RR/MM/DD'));
Insert into BUSWAY.USERORDER (IDX,ID,ALL_TOTAL,ADDR,ORDERDATE) values (24,'genie',17400,'1111',to_date('20/08/05','RR/MM/DD'));
Insert into BUSWAY.USERORDER (IDX,ID,ALL_TOTAL,ADDR,ORDERDATE) values (28,'genie',0,'1111',to_date('20/08/06','RR/MM/DD'));
Insert into BUSWAY.USERORDER (IDX,ID,ALL_TOTAL,ADDR,ORDERDATE) values (39,'genie',20200,'1111',to_date('20/08/06','RR/MM/DD'));
REM INSERTING into BUSWAY.USERS
SET DEFINE OFF;
Insert into BUSWAY.USERS (USERID,PWD,NICKNAME,NAME,ADDR,PHONE,CARD,EMAIL,CNT,USING) values ('genie1','12341234','지니사랑해','지니야','구리','010-0000-0000',null,null,2,1);
Insert into BUSWAY.USERS (USERID,PWD,NICKNAME,NAME,ADDR,PHONE,CARD,EMAIL,CNT,USING) values ('genie2','12341234','1234','1234','1234',null,null,null,0,0);
Insert into BUSWAY.USERS (USERID,PWD,NICKNAME,NAME,ADDR,PHONE,CARD,EMAIL,CNT,USING) values ('genielove','12341234','지니사랑해요','지니','구리시 사노동','010-0000-0000',null,null,0,1);
Insert into BUSWAY.USERS (USERID,PWD,NICKNAME,NAME,ADDR,PHONE,CARD,EMAIL,CNT,USING) values ('genie','1234','지니','지니','1111','22222222','1111222233334444','aaaa@google.com',7,1);
Insert into BUSWAY.USERS (USERID,PWD,NICKNAME,NAME,ADDR,PHONE,CARD,EMAIL,CNT,USING) values ('hyeon','1111','성현','성현','1111','2222',null,null,1,1);
Insert into BUSWAY.USERS (USERID,PWD,NICKNAME,NAME,ADDR,PHONE,CARD,EMAIL,CNT,USING) values ('ungenie','1234','지니야사랑해','지니공주','guri','010-0000',null,null,0,0);
Insert into BUSWAY.USERS (USERID,PWD,NICKNAME,NAME,ADDR,PHONE,CARD,EMAIL,CNT,USING) values ('genie4','12341234','지니','지니','구리',null,null,null,0,1);
Insert into BUSWAY.USERS (USERID,PWD,NICKNAME,NAME,ADDR,PHONE,CARD,EMAIL,CNT,USING) values ('bom2','12341234','봄이','1234','1234',null,null,null,0,0);
Insert into BUSWAY.USERS (USERID,PWD,NICKNAME,NAME,ADDR,PHONE,CARD,EMAIL,CNT,USING) values ('woobum','12341234','마당을나온치킨','박우범','비밀^^~~','010','111','123@fff.com',2,1);
--------------------------------------------------------
--  DDL for Index ALLTOPPING_PK
--------------------------------------------------------

  CREATE UNIQUE INDEX "BUSWAY"."ALLTOPPING_PK" ON "BUSWAY"."ALLTOPPING" ("NAME") 
  PCTFREE 10 INITRANS 2 MAXTRANS 255 COMPUTE STATISTICS 
  STORAGE(INITIAL 65536 NEXT 1048576 MINEXTENTS 1 MAXEXTENTS 2147483645
  PCTINCREASE 0 FREELISTS 1 FREELIST GROUPS 1 BUFFER_POOL DEFAULT FLASH_CACHE DEFAULT CELL_FLASH_CACHE DEFAULT)
  TABLESPACE "USERS" ;
--------------------------------------------------------
--  DDL for Index BASICMENU_PK
--------------------------------------------------------

  CREATE UNIQUE INDEX "BUSWAY"."BASICMENU_PK" ON "BUSWAY"."BASICMENU" ("IDX") 
  PCTFREE 10 INITRANS 2 MAXTRANS 255 COMPUTE STATISTICS 
  STORAGE(INITIAL 65536 NEXT 1048576 MINEXTENTS 1 MAXEXTENTS 2147483645
  PCTINCREASE 0 FREELISTS 1 FREELIST GROUPS 1 BUFFER_POOL DEFAULT FLASH_CACHE DEFAULT CELL_FLASH_CACHE DEFAULT)
  TABLESPACE "USERS" ;
--------------------------------------------------------
--  DDL for Index BASICTOPPING_PK
--------------------------------------------------------

  CREATE UNIQUE INDEX "BUSWAY"."BASICTOPPING_PK" ON "BUSWAY"."BASICTOPPING" ("IDX") 
  PCTFREE 10 INITRANS 2 MAXTRANS 255 COMPUTE STATISTICS 
  STORAGE(INITIAL 65536 NEXT 1048576 MINEXTENTS 1 MAXEXTENTS 2147483645
  PCTINCREASE 0 FREELISTS 1 FREELIST GROUPS 1 BUFFER_POOL DEFAULT FLASH_CACHE DEFAULT CELL_FLASH_CACHE DEFAULT)
  TABLESPACE "USERS" ;
--------------------------------------------------------
--  DDL for Index CARTTOPPING_PK
--------------------------------------------------------

  CREATE UNIQUE INDEX "BUSWAY"."CARTTOPPING_PK" ON "BUSWAY"."CARTTOPPING" ("IDX") 
  PCTFREE 10 INITRANS 2 MAXTRANS 255 COMPUTE STATISTICS 
  STORAGE(INITIAL 65536 NEXT 1048576 MINEXTENTS 1 MAXEXTENTS 2147483645
  PCTINCREASE 0 FREELISTS 1 FREELIST GROUPS 1 BUFFER_POOL DEFAULT FLASH_CACHE DEFAULT CELL_FLASH_CACHE DEFAULT)
  TABLESPACE "USERS" ;
--------------------------------------------------------
--  DDL for Index CART_PK
--------------------------------------------------------

  CREATE UNIQUE INDEX "BUSWAY"."CART_PK" ON "BUSWAY"."CART" ("IDX") 
  PCTFREE 10 INITRANS 2 MAXTRANS 255 COMPUTE STATISTICS 
  STORAGE(INITIAL 65536 NEXT 1048576 MINEXTENTS 1 MAXEXTENTS 2147483645
  PCTINCREASE 0 FREELISTS 1 FREELIST GROUPS 1 BUFFER_POOL DEFAULT FLASH_CACHE DEFAULT CELL_FLASH_CACHE DEFAULT)
  TABLESPACE "USERS" ;
--------------------------------------------------------
--  DDL for Index COMMENTS_PK
--------------------------------------------------------

  CREATE UNIQUE INDEX "BUSWAY"."COMMENTS_PK" ON "BUSWAY"."COMMENTS" ("C_IDX") 
  PCTFREE 10 INITRANS 2 MAXTRANS 255 COMPUTE STATISTICS 
  STORAGE(INITIAL 65536 NEXT 1048576 MINEXTENTS 1 MAXEXTENTS 2147483645
  PCTINCREASE 0 FREELISTS 1 FREELIST GROUPS 1 BUFFER_POOL DEFAULT FLASH_CACHE DEFAULT CELL_FLASH_CACHE DEFAULT)
  TABLESPACE "USERS" ;
--------------------------------------------------------
--  DDL for Index DELIVERYADDR_PK
--------------------------------------------------------

  CREATE UNIQUE INDEX "BUSWAY"."DELIVERYADDR_PK" ON "BUSWAY"."DELIVERYADDR" ("IDX") 
  PCTFREE 10 INITRANS 2 MAXTRANS 255 COMPUTE STATISTICS 
  STORAGE(INITIAL 65536 NEXT 1048576 MINEXTENTS 1 MAXEXTENTS 2147483645
  PCTINCREASE 0 FREELISTS 1 FREELIST GROUPS 1 BUFFER_POOL DEFAULT FLASH_CACHE DEFAULT CELL_FLASH_CACHE DEFAULT)
  TABLESPACE "USERS" ;
--------------------------------------------------------
--  DDL for Index EVENT_PK
--------------------------------------------------------

  CREATE UNIQUE INDEX "BUSWAY"."EVENT_PK" ON "BUSWAY"."EVENT" ("E_IDX") 
  PCTFREE 10 INITRANS 2 MAXTRANS 255 COMPUTE STATISTICS 
  STORAGE(INITIAL 65536 NEXT 1048576 MINEXTENTS 1 MAXEXTENTS 2147483645
  PCTINCREASE 0 FREELISTS 1 FREELIST GROUPS 1 BUFFER_POOL DEFAULT FLASH_CACHE DEFAULT CELL_FLASH_CACHE DEFAULT)
  TABLESPACE "USERS" ;
--------------------------------------------------------
--  DDL for Index NEWSNOTICE_PK
--------------------------------------------------------

  CREATE UNIQUE INDEX "BUSWAY"."NEWSNOTICE_PK" ON "BUSWAY"."NEWSNOTICE" ("N_IDX") 
  PCTFREE 10 INITRANS 2 MAXTRANS 255 COMPUTE STATISTICS 
  STORAGE(INITIAL 65536 NEXT 1048576 MINEXTENTS 1 MAXEXTENTS 2147483645
  PCTINCREASE 0 FREELISTS 1 FREELIST GROUPS 1 BUFFER_POOL DEFAULT FLASH_CACHE DEFAULT CELL_FLASH_CACHE DEFAULT)
  TABLESPACE "USERS" ;
--------------------------------------------------------
--  DDL for Index ORDEREDTOPPING_PK
--------------------------------------------------------

  CREATE UNIQUE INDEX "BUSWAY"."ORDEREDTOPPING_PK" ON "BUSWAY"."ORDEREDTOPPING" ("IDX") 
  PCTFREE 10 INITRANS 2 MAXTRANS 255 COMPUTE STATISTICS 
  STORAGE(INITIAL 65536 NEXT 1048576 MINEXTENTS 1 MAXEXTENTS 2147483645
  PCTINCREASE 0 FREELISTS 1 FREELIST GROUPS 1 BUFFER_POOL DEFAULT FLASH_CACHE DEFAULT CELL_FLASH_CACHE DEFAULT)
  TABLESPACE "USERS" ;
--------------------------------------------------------
--  DDL for Index QNA_PK
--------------------------------------------------------

  CREATE UNIQUE INDEX "BUSWAY"."QNA_PK" ON "BUSWAY"."QNA" ("Q_IDX") 
  PCTFREE 10 INITRANS 2 MAXTRANS 255 COMPUTE STATISTICS 
  STORAGE(INITIAL 65536 NEXT 1048576 MINEXTENTS 1 MAXEXTENTS 2147483645
  PCTINCREASE 0 FREELISTS 1 FREELIST GROUPS 1 BUFFER_POOL DEFAULT FLASH_CACHE DEFAULT CELL_FLASH_CACHE DEFAULT)
  TABLESPACE "USERS" ;
--------------------------------------------------------
--  DDL for Index STOCKCONTROLL_PK
--------------------------------------------------------

  CREATE UNIQUE INDEX "BUSWAY"."STOCKCONTROLL_PK" ON "BUSWAY"."STOCKCONTROLL" ("STOCK_IDX") 
  PCTFREE 10 INITRANS 2 MAXTRANS 255 COMPUTE STATISTICS 
  STORAGE(INITIAL 65536 NEXT 1048576 MINEXTENTS 1 MAXEXTENTS 2147483645
  PCTINCREASE 0 FREELISTS 1 FREELIST GROUPS 1 BUFFER_POOL DEFAULT FLASH_CACHE DEFAULT CELL_FLASH_CACHE DEFAULT)
  TABLESPACE "USERS" ;
--------------------------------------------------------
--  DDL for Index STORE_PK
--------------------------------------------------------

  CREATE UNIQUE INDEX "BUSWAY"."STORE_PK" ON "BUSWAY"."STORE" ("CODE") 
  PCTFREE 10 INITRANS 2 MAXTRANS 255 COMPUTE STATISTICS 
  STORAGE(INITIAL 65536 NEXT 1048576 MINEXTENTS 1 MAXEXTENTS 2147483645
  PCTINCREASE 0 FREELISTS 1 FREELIST GROUPS 1 BUFFER_POOL DEFAULT FLASH_CACHE DEFAULT CELL_FLASH_CACHE DEFAULT)
  TABLESPACE "USERS" ;
--------------------------------------------------------
--  DDL for Index SUBORDER_PK
--------------------------------------------------------

  CREATE UNIQUE INDEX "BUSWAY"."SUBORDER_PK" ON "BUSWAY"."SUBORDER" ("IDX") 
  PCTFREE 10 INITRANS 2 MAXTRANS 255 COMPUTE STATISTICS 
  STORAGE(INITIAL 65536 NEXT 1048576 MINEXTENTS 1 MAXEXTENTS 2147483645
  PCTINCREASE 0 FREELISTS 1 FREELIST GROUPS 1 BUFFER_POOL DEFAULT FLASH_CACHE DEFAULT CELL_FLASH_CACHE DEFAULT)
  TABLESPACE "USERS" ;
--------------------------------------------------------
--  DDL for Index USERORDER_PK
--------------------------------------------------------

  CREATE UNIQUE INDEX "BUSWAY"."USERORDER_PK" ON "BUSWAY"."USERORDER" ("IDX") 
  PCTFREE 10 INITRANS 2 MAXTRANS 255 COMPUTE STATISTICS 
  STORAGE(INITIAL 65536 NEXT 1048576 MINEXTENTS 1 MAXEXTENTS 2147483645
  PCTINCREASE 0 FREELISTS 1 FREELIST GROUPS 1 BUFFER_POOL DEFAULT FLASH_CACHE DEFAULT CELL_FLASH_CACHE DEFAULT)
  TABLESPACE "USERS" ;
--------------------------------------------------------
--  DDL for Index USERS_PK
--------------------------------------------------------

  CREATE UNIQUE INDEX "BUSWAY"."USERS_PK" ON "BUSWAY"."USERS" ("USERID") 
  PCTFREE 10 INITRANS 2 MAXTRANS 255 COMPUTE STATISTICS 
  STORAGE(INITIAL 65536 NEXT 1048576 MINEXTENTS 1 MAXEXTENTS 2147483645
  PCTINCREASE 0 FREELISTS 1 FREELIST GROUPS 1 BUFFER_POOL DEFAULT FLASH_CACHE DEFAULT CELL_FLASH_CACHE DEFAULT)
  TABLESPACE "USERS" ;
--------------------------------------------------------
--  DDL for Index ALLTOPPING_PK
--------------------------------------------------------

  CREATE UNIQUE INDEX "BUSWAY"."ALLTOPPING_PK" ON "BUSWAY"."ALLTOPPING" ("NAME") 
  PCTFREE 10 INITRANS 2 MAXTRANS 255 COMPUTE STATISTICS 
  STORAGE(INITIAL 65536 NEXT 1048576 MINEXTENTS 1 MAXEXTENTS 2147483645
  PCTINCREASE 0 FREELISTS 1 FREELIST GROUPS 1 BUFFER_POOL DEFAULT FLASH_CACHE DEFAULT CELL_FLASH_CACHE DEFAULT)
  TABLESPACE "USERS" ;
--------------------------------------------------------
--  DDL for Index BASICMENU_PK
--------------------------------------------------------

  CREATE UNIQUE INDEX "BUSWAY"."BASICMENU_PK" ON "BUSWAY"."BASICMENU" ("IDX") 
  PCTFREE 10 INITRANS 2 MAXTRANS 255 COMPUTE STATISTICS 
  STORAGE(INITIAL 65536 NEXT 1048576 MINEXTENTS 1 MAXEXTENTS 2147483645
  PCTINCREASE 0 FREELISTS 1 FREELIST GROUPS 1 BUFFER_POOL DEFAULT FLASH_CACHE DEFAULT CELL_FLASH_CACHE DEFAULT)
  TABLESPACE "USERS" ;
--------------------------------------------------------
--  DDL for Index BASICTOPPING_PK
--------------------------------------------------------

  CREATE UNIQUE INDEX "BUSWAY"."BASICTOPPING_PK" ON "BUSWAY"."BASICTOPPING" ("IDX") 
  PCTFREE 10 INITRANS 2 MAXTRANS 255 COMPUTE STATISTICS 
  STORAGE(INITIAL 65536 NEXT 1048576 MINEXTENTS 1 MAXEXTENTS 2147483645
  PCTINCREASE 0 FREELISTS 1 FREELIST GROUPS 1 BUFFER_POOL DEFAULT FLASH_CACHE DEFAULT CELL_FLASH_CACHE DEFAULT)
  TABLESPACE "USERS" ;
--------------------------------------------------------
--  DDL for Index CART_PK
--------------------------------------------------------

  CREATE UNIQUE INDEX "BUSWAY"."CART_PK" ON "BUSWAY"."CART" ("IDX") 
  PCTFREE 10 INITRANS 2 MAXTRANS 255 COMPUTE STATISTICS 
  STORAGE(INITIAL 65536 NEXT 1048576 MINEXTENTS 1 MAXEXTENTS 2147483645
  PCTINCREASE 0 FREELISTS 1 FREELIST GROUPS 1 BUFFER_POOL DEFAULT FLASH_CACHE DEFAULT CELL_FLASH_CACHE DEFAULT)
  TABLESPACE "USERS" ;
--------------------------------------------------------
--  DDL for Index CARTTOPPING_PK
--------------------------------------------------------

  CREATE UNIQUE INDEX "BUSWAY"."CARTTOPPING_PK" ON "BUSWAY"."CARTTOPPING" ("IDX") 
  PCTFREE 10 INITRANS 2 MAXTRANS 255 COMPUTE STATISTICS 
  STORAGE(INITIAL 65536 NEXT 1048576 MINEXTENTS 1 MAXEXTENTS 2147483645
  PCTINCREASE 0 FREELISTS 1 FREELIST GROUPS 1 BUFFER_POOL DEFAULT FLASH_CACHE DEFAULT CELL_FLASH_CACHE DEFAULT)
  TABLESPACE "USERS" ;
--------------------------------------------------------
--  DDL for Index COMMENTS_PK
--------------------------------------------------------

  CREATE UNIQUE INDEX "BUSWAY"."COMMENTS_PK" ON "BUSWAY"."COMMENTS" ("C_IDX") 
  PCTFREE 10 INITRANS 2 MAXTRANS 255 COMPUTE STATISTICS 
  STORAGE(INITIAL 65536 NEXT 1048576 MINEXTENTS 1 MAXEXTENTS 2147483645
  PCTINCREASE 0 FREELISTS 1 FREELIST GROUPS 1 BUFFER_POOL DEFAULT FLASH_CACHE DEFAULT CELL_FLASH_CACHE DEFAULT)
  TABLESPACE "USERS" ;
--------------------------------------------------------
--  DDL for Index DELIVERYADDR_PK
--------------------------------------------------------

  CREATE UNIQUE INDEX "BUSWAY"."DELIVERYADDR_PK" ON "BUSWAY"."DELIVERYADDR" ("IDX") 
  PCTFREE 10 INITRANS 2 MAXTRANS 255 COMPUTE STATISTICS 
  STORAGE(INITIAL 65536 NEXT 1048576 MINEXTENTS 1 MAXEXTENTS 2147483645
  PCTINCREASE 0 FREELISTS 1 FREELIST GROUPS 1 BUFFER_POOL DEFAULT FLASH_CACHE DEFAULT CELL_FLASH_CACHE DEFAULT)
  TABLESPACE "USERS" ;
--------------------------------------------------------
--  DDL for Index EVENT_PK
--------------------------------------------------------

  CREATE UNIQUE INDEX "BUSWAY"."EVENT_PK" ON "BUSWAY"."EVENT" ("E_IDX") 
  PCTFREE 10 INITRANS 2 MAXTRANS 255 COMPUTE STATISTICS 
  STORAGE(INITIAL 65536 NEXT 1048576 MINEXTENTS 1 MAXEXTENTS 2147483645
  PCTINCREASE 0 FREELISTS 1 FREELIST GROUPS 1 BUFFER_POOL DEFAULT FLASH_CACHE DEFAULT CELL_FLASH_CACHE DEFAULT)
  TABLESPACE "USERS" ;
--------------------------------------------------------
--  DDL for Index NEWSNOTICE_PK
--------------------------------------------------------

  CREATE UNIQUE INDEX "BUSWAY"."NEWSNOTICE_PK" ON "BUSWAY"."NEWSNOTICE" ("N_IDX") 
  PCTFREE 10 INITRANS 2 MAXTRANS 255 COMPUTE STATISTICS 
  STORAGE(INITIAL 65536 NEXT 1048576 MINEXTENTS 1 MAXEXTENTS 2147483645
  PCTINCREASE 0 FREELISTS 1 FREELIST GROUPS 1 BUFFER_POOL DEFAULT FLASH_CACHE DEFAULT CELL_FLASH_CACHE DEFAULT)
  TABLESPACE "USERS" ;
--------------------------------------------------------
--  DDL for Index ORDEREDTOPPING_PK
--------------------------------------------------------

  CREATE UNIQUE INDEX "BUSWAY"."ORDEREDTOPPING_PK" ON "BUSWAY"."ORDEREDTOPPING" ("IDX") 
  PCTFREE 10 INITRANS 2 MAXTRANS 255 COMPUTE STATISTICS 
  STORAGE(INITIAL 65536 NEXT 1048576 MINEXTENTS 1 MAXEXTENTS 2147483645
  PCTINCREASE 0 FREELISTS 1 FREELIST GROUPS 1 BUFFER_POOL DEFAULT FLASH_CACHE DEFAULT CELL_FLASH_CACHE DEFAULT)
  TABLESPACE "USERS" ;
--------------------------------------------------------
--  DDL for Index QNA_PK
--------------------------------------------------------

  CREATE UNIQUE INDEX "BUSWAY"."QNA_PK" ON "BUSWAY"."QNA" ("Q_IDX") 
  PCTFREE 10 INITRANS 2 MAXTRANS 255 COMPUTE STATISTICS 
  STORAGE(INITIAL 65536 NEXT 1048576 MINEXTENTS 1 MAXEXTENTS 2147483645
  PCTINCREASE 0 FREELISTS 1 FREELIST GROUPS 1 BUFFER_POOL DEFAULT FLASH_CACHE DEFAULT CELL_FLASH_CACHE DEFAULT)
  TABLESPACE "USERS" ;
--------------------------------------------------------
--  DDL for Index STOCKCONTROLL_PK
--------------------------------------------------------

  CREATE UNIQUE INDEX "BUSWAY"."STOCKCONTROLL_PK" ON "BUSWAY"."STOCKCONTROLL" ("STOCK_IDX") 
  PCTFREE 10 INITRANS 2 MAXTRANS 255 COMPUTE STATISTICS 
  STORAGE(INITIAL 65536 NEXT 1048576 MINEXTENTS 1 MAXEXTENTS 2147483645
  PCTINCREASE 0 FREELISTS 1 FREELIST GROUPS 1 BUFFER_POOL DEFAULT FLASH_CACHE DEFAULT CELL_FLASH_CACHE DEFAULT)
  TABLESPACE "USERS" ;
--------------------------------------------------------
--  DDL for Index STORE_PK
--------------------------------------------------------

  CREATE UNIQUE INDEX "BUSWAY"."STORE_PK" ON "BUSWAY"."STORE" ("CODE") 
  PCTFREE 10 INITRANS 2 MAXTRANS 255 COMPUTE STATISTICS 
  STORAGE(INITIAL 65536 NEXT 1048576 MINEXTENTS 1 MAXEXTENTS 2147483645
  PCTINCREASE 0 FREELISTS 1 FREELIST GROUPS 1 BUFFER_POOL DEFAULT FLASH_CACHE DEFAULT CELL_FLASH_CACHE DEFAULT)
  TABLESPACE "USERS" ;
--------------------------------------------------------
--  DDL for Index SUBORDER_PK
--------------------------------------------------------

  CREATE UNIQUE INDEX "BUSWAY"."SUBORDER_PK" ON "BUSWAY"."SUBORDER" ("IDX") 
  PCTFREE 10 INITRANS 2 MAXTRANS 255 COMPUTE STATISTICS 
  STORAGE(INITIAL 65536 NEXT 1048576 MINEXTENTS 1 MAXEXTENTS 2147483645
  PCTINCREASE 0 FREELISTS 1 FREELIST GROUPS 1 BUFFER_POOL DEFAULT FLASH_CACHE DEFAULT CELL_FLASH_CACHE DEFAULT)
  TABLESPACE "USERS" ;
--------------------------------------------------------
--  DDL for Index USERORDER_PK
--------------------------------------------------------

  CREATE UNIQUE INDEX "BUSWAY"."USERORDER_PK" ON "BUSWAY"."USERORDER" ("IDX") 
  PCTFREE 10 INITRANS 2 MAXTRANS 255 COMPUTE STATISTICS 
  STORAGE(INITIAL 65536 NEXT 1048576 MINEXTENTS 1 MAXEXTENTS 2147483645
  PCTINCREASE 0 FREELISTS 1 FREELIST GROUPS 1 BUFFER_POOL DEFAULT FLASH_CACHE DEFAULT CELL_FLASH_CACHE DEFAULT)
  TABLESPACE "USERS" ;
--------------------------------------------------------
--  DDL for Index USERS_PK
--------------------------------------------------------

  CREATE UNIQUE INDEX "BUSWAY"."USERS_PK" ON "BUSWAY"."USERS" ("USERID") 
  PCTFREE 10 INITRANS 2 MAXTRANS 255 COMPUTE STATISTICS 
  STORAGE(INITIAL 65536 NEXT 1048576 MINEXTENTS 1 MAXEXTENTS 2147483645
  PCTINCREASE 0 FREELISTS 1 FREELIST GROUPS 1 BUFFER_POOL DEFAULT FLASH_CACHE DEFAULT CELL_FLASH_CACHE DEFAULT)
  TABLESPACE "USERS" ;
--------------------------------------------------------
--  DDL for Trigger BASICMENU_AI_TRG
--------------------------------------------------------

  CREATE OR REPLACE TRIGGER "BUSWAY"."BASICMENU_AI_TRG" 
BEFORE INSERT ON basicmenu 
REFERENCING NEW AS NEW FOR EACH ROW 
BEGIN 
    SELECT basicmenu_SEQ.NEXTVAL
    INTO :NEW.idx
    FROM DUAL;
END;


/
ALTER TRIGGER "BUSWAY"."BASICMENU_AI_TRG" ENABLE;
--------------------------------------------------------
--  DDL for Trigger BASICTOPPING_AI_TRG
--------------------------------------------------------

  CREATE OR REPLACE TRIGGER "BUSWAY"."BASICTOPPING_AI_TRG" 
BEFORE INSERT ON basictopping 
REFERENCING NEW AS NEW FOR EACH ROW 
BEGIN 
    SELECT basictopping_SEQ.NEXTVAL
    INTO :NEW.idx
    FROM DUAL;
END;


/
ALTER TRIGGER "BUSWAY"."BASICTOPPING_AI_TRG" ENABLE;
--------------------------------------------------------
--  DDL for Trigger CARTTOPPING_AI_TRG
--------------------------------------------------------

  CREATE OR REPLACE TRIGGER "BUSWAY"."CARTTOPPING_AI_TRG" 
BEFORE INSERT ON carttopping 
REFERENCING NEW AS NEW FOR EACH ROW 
BEGIN 
    SELECT carttopping_SEQ.NEXTVAL
    INTO :NEW.idx
    FROM DUAL;
END;


/
ALTER TRIGGER "BUSWAY"."CARTTOPPING_AI_TRG" ENABLE;
--------------------------------------------------------
--  DDL for Trigger CART_AI_TRG
--------------------------------------------------------

  CREATE OR REPLACE TRIGGER "BUSWAY"."CART_AI_TRG" 
BEFORE INSERT ON cart 
REFERENCING NEW AS NEW FOR EACH ROW 
BEGIN 
    SELECT cart_SEQ.NEXTVAL
    INTO :NEW.idx
    FROM DUAL;
END;


/
ALTER TRIGGER "BUSWAY"."CART_AI_TRG" ENABLE;
--------------------------------------------------------
--  DDL for Trigger COMMENTS_AI_TRG
--------------------------------------------------------

  CREATE OR REPLACE TRIGGER "BUSWAY"."COMMENTS_AI_TRG" 
BEFORE INSERT ON comments 
REFERENCING NEW AS NEW FOR EACH ROW 
BEGIN 
    SELECT comments_SEQ.NEXTVAL
    INTO :NEW.c_idx
    FROM DUAL;
END;


/
ALTER TRIGGER "BUSWAY"."COMMENTS_AI_TRG" ENABLE;
--------------------------------------------------------
--  DDL for Trigger DELIVERYADDR_AI_TRG
--------------------------------------------------------

  CREATE OR REPLACE TRIGGER "BUSWAY"."DELIVERYADDR_AI_TRG" 
BEFORE INSERT ON deliveryaddr 
REFERENCING NEW AS NEW FOR EACH ROW 
BEGIN 
    SELECT deliveryaddr_SEQ.NEXTVAL
    INTO :NEW.idx
    FROM DUAL;
END;


/
ALTER TRIGGER "BUSWAY"."DELIVERYADDR_AI_TRG" ENABLE;
--------------------------------------------------------
--  DDL for Trigger EVENT_AI_TRG
--------------------------------------------------------

  CREATE OR REPLACE TRIGGER "BUSWAY"."EVENT_AI_TRG" 
BEFORE INSERT ON event 
REFERENCING NEW AS NEW FOR EACH ROW 
BEGIN 
    SELECT event_SEQ.NEXTVAL
    INTO :NEW.e_idx
    FROM DUAL;
END;

/
ALTER TRIGGER "BUSWAY"."EVENT_AI_TRG" ENABLE;
--------------------------------------------------------
--  DDL for Trigger NEWSNOTICE_AI_TRG
--------------------------------------------------------

  CREATE OR REPLACE TRIGGER "BUSWAY"."NEWSNOTICE_AI_TRG" 
BEFORE INSERT ON newsnotice 
REFERENCING NEW AS NEW FOR EACH ROW 
BEGIN 
    SELECT newsnotice_SEQ.NEXTVAL
    INTO :NEW.n_idx
    FROM DUAL;
END;
/
ALTER TRIGGER "BUSWAY"."NEWSNOTICE_AI_TRG" ENABLE;
--------------------------------------------------------
--  DDL for Trigger ORDEREDTOPPING_AI_TRG
--------------------------------------------------------

  CREATE OR REPLACE TRIGGER "BUSWAY"."ORDEREDTOPPING_AI_TRG" 
BEFORE INSERT ON orderedtopping 
REFERENCING NEW AS NEW FOR EACH ROW 
BEGIN 
    SELECT orderedtopping_SEQ.NEXTVAL
    INTO :NEW.idx
    FROM DUAL;
END;


/
ALTER TRIGGER "BUSWAY"."ORDEREDTOPPING_AI_TRG" ENABLE;
--------------------------------------------------------
--  DDL for Trigger QNA_AI_TRG
--------------------------------------------------------

  CREATE OR REPLACE TRIGGER "BUSWAY"."QNA_AI_TRG" 
BEFORE INSERT ON qna 
REFERENCING NEW AS NEW FOR EACH ROW 
BEGIN 
    SELECT qna_SEQ.NEXTVAL
    INTO :NEW.q_idx
    FROM DUAL;
END;


/
ALTER TRIGGER "BUSWAY"."QNA_AI_TRG" ENABLE;
--------------------------------------------------------
--  DDL for Trigger SUBORDER_AI_TRG
--------------------------------------------------------

  CREATE OR REPLACE TRIGGER "BUSWAY"."SUBORDER_AI_TRG" 
BEFORE INSERT ON suborder 
REFERENCING NEW AS NEW FOR EACH ROW 
BEGIN 
    SELECT suborder_SEQ.NEXTVAL
    INTO :NEW.idx
    FROM DUAL;
END;


/
ALTER TRIGGER "BUSWAY"."SUBORDER_AI_TRG" ENABLE;
--------------------------------------------------------
--  DDL for Trigger USERORDER_AI_TRG
--------------------------------------------------------

  CREATE OR REPLACE TRIGGER "BUSWAY"."USERORDER_AI_TRG" 
BEFORE INSERT ON userorder 
REFERENCING NEW AS NEW FOR EACH ROW 
BEGIN 
    SELECT userorder_SEQ.NEXTVAL
    INTO :NEW.idx
    FROM DUAL;
END;


/
ALTER TRIGGER "BUSWAY"."USERORDER_AI_TRG" ENABLE;
--------------------------------------------------------
--  DDL for Trigger BASICMENU_AI_TRG
--------------------------------------------------------

  CREATE OR REPLACE TRIGGER "BUSWAY"."BASICMENU_AI_TRG" 
BEFORE INSERT ON basicmenu 
REFERENCING NEW AS NEW FOR EACH ROW 
BEGIN 
    SELECT basicmenu_SEQ.NEXTVAL
    INTO :NEW.idx
    FROM DUAL;
END;


/
ALTER TRIGGER "BUSWAY"."BASICMENU_AI_TRG" ENABLE;
--------------------------------------------------------
--  DDL for Trigger BASICTOPPING_AI_TRG
--------------------------------------------------------

  CREATE OR REPLACE TRIGGER "BUSWAY"."BASICTOPPING_AI_TRG" 
BEFORE INSERT ON basictopping 
REFERENCING NEW AS NEW FOR EACH ROW 
BEGIN 
    SELECT basictopping_SEQ.NEXTVAL
    INTO :NEW.idx
    FROM DUAL;
END;


/
ALTER TRIGGER "BUSWAY"."BASICTOPPING_AI_TRG" ENABLE;
--------------------------------------------------------
--  DDL for Trigger CART_AI_TRG
--------------------------------------------------------

  CREATE OR REPLACE TRIGGER "BUSWAY"."CART_AI_TRG" 
BEFORE INSERT ON cart 
REFERENCING NEW AS NEW FOR EACH ROW 
BEGIN 
    SELECT cart_SEQ.NEXTVAL
    INTO :NEW.idx
    FROM DUAL;
END;


/
ALTER TRIGGER "BUSWAY"."CART_AI_TRG" ENABLE;
--------------------------------------------------------
--  DDL for Trigger CARTTOPPING_AI_TRG
--------------------------------------------------------

  CREATE OR REPLACE TRIGGER "BUSWAY"."CARTTOPPING_AI_TRG" 
BEFORE INSERT ON carttopping 
REFERENCING NEW AS NEW FOR EACH ROW 
BEGIN 
    SELECT carttopping_SEQ.NEXTVAL
    INTO :NEW.idx
    FROM DUAL;
END;


/
ALTER TRIGGER "BUSWAY"."CARTTOPPING_AI_TRG" ENABLE;
--------------------------------------------------------
--  DDL for Trigger COMMENTS_AI_TRG
--------------------------------------------------------

  CREATE OR REPLACE TRIGGER "BUSWAY"."COMMENTS_AI_TRG" 
BEFORE INSERT ON comments 
REFERENCING NEW AS NEW FOR EACH ROW 
BEGIN 
    SELECT comments_SEQ.NEXTVAL
    INTO :NEW.c_idx
    FROM DUAL;
END;


/
ALTER TRIGGER "BUSWAY"."COMMENTS_AI_TRG" ENABLE;
--------------------------------------------------------
--  DDL for Trigger DELIVERYADDR_AI_TRG
--------------------------------------------------------

  CREATE OR REPLACE TRIGGER "BUSWAY"."DELIVERYADDR_AI_TRG" 
BEFORE INSERT ON deliveryaddr 
REFERENCING NEW AS NEW FOR EACH ROW 
BEGIN 
    SELECT deliveryaddr_SEQ.NEXTVAL
    INTO :NEW.idx
    FROM DUAL;
END;


/
ALTER TRIGGER "BUSWAY"."DELIVERYADDR_AI_TRG" ENABLE;
--------------------------------------------------------
--  DDL for Trigger EVENT_AI_TRG
--------------------------------------------------------

  CREATE OR REPLACE TRIGGER "BUSWAY"."EVENT_AI_TRG" 
BEFORE INSERT ON event 
REFERENCING NEW AS NEW FOR EACH ROW 
BEGIN 
    SELECT event_SEQ.NEXTVAL
    INTO :NEW.e_idx
    FROM DUAL;
END;

/
ALTER TRIGGER "BUSWAY"."EVENT_AI_TRG" ENABLE;
--------------------------------------------------------
--  DDL for Trigger NEWSNOTICE_AI_TRG
--------------------------------------------------------

  CREATE OR REPLACE TRIGGER "BUSWAY"."NEWSNOTICE_AI_TRG" 
BEFORE INSERT ON newsnotice 
REFERENCING NEW AS NEW FOR EACH ROW 
BEGIN 
    SELECT newsnotice_SEQ.NEXTVAL
    INTO :NEW.n_idx
    FROM DUAL;
END;
/
ALTER TRIGGER "BUSWAY"."NEWSNOTICE_AI_TRG" ENABLE;
--------------------------------------------------------
--  DDL for Trigger ORDEREDTOPPING_AI_TRG
--------------------------------------------------------

  CREATE OR REPLACE TRIGGER "BUSWAY"."ORDEREDTOPPING_AI_TRG" 
BEFORE INSERT ON orderedtopping 
REFERENCING NEW AS NEW FOR EACH ROW 
BEGIN 
    SELECT orderedtopping_SEQ.NEXTVAL
    INTO :NEW.idx
    FROM DUAL;
END;


/
ALTER TRIGGER "BUSWAY"."ORDEREDTOPPING_AI_TRG" ENABLE;
--------------------------------------------------------
--  DDL for Trigger QNA_AI_TRG
--------------------------------------------------------

  CREATE OR REPLACE TRIGGER "BUSWAY"."QNA_AI_TRG" 
BEFORE INSERT ON qna 
REFERENCING NEW AS NEW FOR EACH ROW 
BEGIN 
    SELECT qna_SEQ.NEXTVAL
    INTO :NEW.q_idx
    FROM DUAL;
END;


/
ALTER TRIGGER "BUSWAY"."QNA_AI_TRG" ENABLE;
--------------------------------------------------------
--  DDL for Trigger SUBORDER_AI_TRG
--------------------------------------------------------

  CREATE OR REPLACE TRIGGER "BUSWAY"."SUBORDER_AI_TRG" 
BEFORE INSERT ON suborder 
REFERENCING NEW AS NEW FOR EACH ROW 
BEGIN 
    SELECT suborder_SEQ.NEXTVAL
    INTO :NEW.idx
    FROM DUAL;
END;


/
ALTER TRIGGER "BUSWAY"."SUBORDER_AI_TRG" ENABLE;
--------------------------------------------------------
--  DDL for Trigger USERORDER_AI_TRG
--------------------------------------------------------

  CREATE OR REPLACE TRIGGER "BUSWAY"."USERORDER_AI_TRG" 
BEFORE INSERT ON userorder 
REFERENCING NEW AS NEW FOR EACH ROW 
BEGIN 
    SELECT userorder_SEQ.NEXTVAL
    INTO :NEW.idx
    FROM DUAL;
END;


/
ALTER TRIGGER "BUSWAY"."USERORDER_AI_TRG" ENABLE;
--------------------------------------------------------
--  Constraints for Table ALLTOPPING
--------------------------------------------------------

  ALTER TABLE "BUSWAY"."ALLTOPPING" MODIFY ("NAME" NOT NULL ENABLE);
  ALTER TABLE "BUSWAY"."ALLTOPPING" ADD CONSTRAINT "ALLTOPPING_PK" PRIMARY KEY ("NAME")
  USING INDEX PCTFREE 10 INITRANS 2 MAXTRANS 255 COMPUTE STATISTICS 
  STORAGE(INITIAL 65536 NEXT 1048576 MINEXTENTS 1 MAXEXTENTS 2147483645
  PCTINCREASE 0 FREELISTS 1 FREELIST GROUPS 1 BUFFER_POOL DEFAULT FLASH_CACHE DEFAULT CELL_FLASH_CACHE DEFAULT)
  TABLESPACE "USERS"  ENABLE;
--------------------------------------------------------
--  Constraints for Table BASICMENU
--------------------------------------------------------

  ALTER TABLE "BUSWAY"."BASICMENU" MODIFY ("IDX" NOT NULL ENABLE);
  ALTER TABLE "BUSWAY"."BASICMENU" MODIFY ("MENUNAME" NOT NULL ENABLE);
  ALTER TABLE "BUSWAY"."BASICMENU" ADD CONSTRAINT "BASICMENU_PK" PRIMARY KEY ("IDX")
  USING INDEX PCTFREE 10 INITRANS 2 MAXTRANS 255 COMPUTE STATISTICS 
  STORAGE(INITIAL 65536 NEXT 1048576 MINEXTENTS 1 MAXEXTENTS 2147483645
  PCTINCREASE 0 FREELISTS 1 FREELIST GROUPS 1 BUFFER_POOL DEFAULT FLASH_CACHE DEFAULT CELL_FLASH_CACHE DEFAULT)
  TABLESPACE "USERS"  ENABLE;
--------------------------------------------------------
--  Constraints for Table BASICTOPPING
--------------------------------------------------------

  ALTER TABLE "BUSWAY"."BASICTOPPING" MODIFY ("IDX" NOT NULL ENABLE);
  ALTER TABLE "BUSWAY"."BASICTOPPING" MODIFY ("QUAN" NOT NULL ENABLE);
  ALTER TABLE "BUSWAY"."BASICTOPPING" MODIFY ("MENU_IDX" NOT NULL ENABLE);
  ALTER TABLE "BUSWAY"."BASICTOPPING" MODIFY ("NAME" NOT NULL ENABLE);
  ALTER TABLE "BUSWAY"."BASICTOPPING" ADD CONSTRAINT "BASICTOPPING_PK" PRIMARY KEY ("IDX")
  USING INDEX PCTFREE 10 INITRANS 2 MAXTRANS 255 COMPUTE STATISTICS 
  STORAGE(INITIAL 65536 NEXT 1048576 MINEXTENTS 1 MAXEXTENTS 2147483645
  PCTINCREASE 0 FREELISTS 1 FREELIST GROUPS 1 BUFFER_POOL DEFAULT FLASH_CACHE DEFAULT CELL_FLASH_CACHE DEFAULT)
  TABLESPACE "USERS"  ENABLE;
--------------------------------------------------------
--  Constraints for Table CART
--------------------------------------------------------

  ALTER TABLE "BUSWAY"."CART" MODIFY ("IDX" NOT NULL ENABLE);
  ALTER TABLE "BUSWAY"."CART" MODIFY ("BREAD_SIZE" NOT NULL ENABLE);
  ALTER TABLE "BUSWAY"."CART" MODIFY ("ROASTING" NOT NULL ENABLE);
  ALTER TABLE "BUSWAY"."CART" MODIFY ("BASIC_IDX" NOT NULL ENABLE);
  ALTER TABLE "BUSWAY"."CART" MODIFY ("USERID" NOT NULL ENABLE);
  ALTER TABLE "BUSWAY"."CART" MODIFY ("STORE_CODE" NOT NULL ENABLE);
  ALTER TABLE "BUSWAY"."CART" MODIFY ("CNT" NOT NULL ENABLE);
  ALTER TABLE "BUSWAY"."CART" MODIFY ("ONE_TOTAL" NOT NULL ENABLE);
  ALTER TABLE "BUSWAY"."CART" ADD CONSTRAINT "CART_PK" PRIMARY KEY ("IDX")
  USING INDEX PCTFREE 10 INITRANS 2 MAXTRANS 255 COMPUTE STATISTICS 
  STORAGE(INITIAL 65536 NEXT 1048576 MINEXTENTS 1 MAXEXTENTS 2147483645
  PCTINCREASE 0 FREELISTS 1 FREELIST GROUPS 1 BUFFER_POOL DEFAULT FLASH_CACHE DEFAULT CELL_FLASH_CACHE DEFAULT)
  TABLESPACE "USERS"  ENABLE;
--------------------------------------------------------
--  Constraints for Table CARTTOPPING
--------------------------------------------------------

  ALTER TABLE "BUSWAY"."CARTTOPPING" MODIFY ("IDX" NOT NULL ENABLE);
  ALTER TABLE "BUSWAY"."CARTTOPPING" MODIFY ("CART_IDX" NOT NULL ENABLE);
  ALTER TABLE "BUSWAY"."CARTTOPPING" MODIFY ("NAME" NOT NULL ENABLE);
  ALTER TABLE "BUSWAY"."CARTTOPPING" ADD CONSTRAINT "CARTTOPPING_PK" PRIMARY KEY ("IDX")
  USING INDEX PCTFREE 10 INITRANS 2 MAXTRANS 255 COMPUTE STATISTICS 
  STORAGE(INITIAL 65536 NEXT 1048576 MINEXTENTS 1 MAXEXTENTS 2147483645
  PCTINCREASE 0 FREELISTS 1 FREELIST GROUPS 1 BUFFER_POOL DEFAULT FLASH_CACHE DEFAULT CELL_FLASH_CACHE DEFAULT)
  TABLESPACE "USERS"  ENABLE;
--------------------------------------------------------
--  Constraints for Table COMMENTS
--------------------------------------------------------

  ALTER TABLE "BUSWAY"."COMMENTS" MODIFY ("C_IDX" NOT NULL ENABLE);
  ALTER TABLE "BUSWAY"."COMMENTS" MODIFY ("Q_IDX" NOT NULL ENABLE);
  ALTER TABLE "BUSWAY"."COMMENTS" MODIFY ("STORE_CODE" NOT NULL ENABLE);
  ALTER TABLE "BUSWAY"."COMMENTS" ADD CONSTRAINT "COMMENTS_PK" PRIMARY KEY ("C_IDX")
  USING INDEX PCTFREE 10 INITRANS 2 MAXTRANS 255 COMPUTE STATISTICS 
  STORAGE(INITIAL 65536 NEXT 1048576 MINEXTENTS 1 MAXEXTENTS 2147483645
  PCTINCREASE 0 FREELISTS 1 FREELIST GROUPS 1 BUFFER_POOL DEFAULT FLASH_CACHE DEFAULT CELL_FLASH_CACHE DEFAULT)
  TABLESPACE "USERS"  ENABLE;
--------------------------------------------------------
--  Constraints for Table DELIVERYADDR
--------------------------------------------------------

  ALTER TABLE "BUSWAY"."DELIVERYADDR" MODIFY ("IDX" NOT NULL ENABLE);
  ALTER TABLE "BUSWAY"."DELIVERYADDR" MODIFY ("USERID" NOT NULL ENABLE);
  ALTER TABLE "BUSWAY"."DELIVERYADDR" MODIFY ("ADDR" NOT NULL ENABLE);
  ALTER TABLE "BUSWAY"."DELIVERYADDR" MODIFY ("DEFAULTADDR" NOT NULL ENABLE);
  ALTER TABLE "BUSWAY"."DELIVERYADDR" ADD CONSTRAINT "DELIVERYADDR_PK" PRIMARY KEY ("IDX")
  USING INDEX PCTFREE 10 INITRANS 2 MAXTRANS 255 COMPUTE STATISTICS 
  STORAGE(INITIAL 65536 NEXT 1048576 MINEXTENTS 1 MAXEXTENTS 2147483645
  PCTINCREASE 0 FREELISTS 1 FREELIST GROUPS 1 BUFFER_POOL DEFAULT FLASH_CACHE DEFAULT CELL_FLASH_CACHE DEFAULT)
  TABLESPACE "USERS"  ENABLE;
--------------------------------------------------------
--  Constraints for Table EVENT
--------------------------------------------------------

  ALTER TABLE "BUSWAY"."EVENT" MODIFY ("CODE" NOT NULL ENABLE);
  ALTER TABLE "BUSWAY"."EVENT" MODIFY ("E_IDX" NOT NULL ENABLE);
  ALTER TABLE "BUSWAY"."EVENT" MODIFY ("TITLE" NOT NULL ENABLE);
  ALTER TABLE "BUSWAY"."EVENT" MODIFY ("START_DATE" NOT NULL ENABLE);
  ALTER TABLE "BUSWAY"."EVENT" MODIFY ("CONTENT" NOT NULL ENABLE);
  ALTER TABLE "BUSWAY"."EVENT" MODIFY ("VIEWS" NOT NULL ENABLE);
  ALTER TABLE "BUSWAY"."EVENT" ADD CONSTRAINT "EVENT_PK" PRIMARY KEY ("E_IDX")
  USING INDEX PCTFREE 10 INITRANS 2 MAXTRANS 255 COMPUTE STATISTICS 
  STORAGE(INITIAL 65536 NEXT 1048576 MINEXTENTS 1 MAXEXTENTS 2147483645
  PCTINCREASE 0 FREELISTS 1 FREELIST GROUPS 1 BUFFER_POOL DEFAULT FLASH_CACHE DEFAULT CELL_FLASH_CACHE DEFAULT)
  TABLESPACE "USERS"  ENABLE;
--------------------------------------------------------
--  Constraints for Table NEWSNOTICE
--------------------------------------------------------

  ALTER TABLE "BUSWAY"."NEWSNOTICE" MODIFY ("N_IDX" NOT NULL ENABLE);
  ALTER TABLE "BUSWAY"."NEWSNOTICE" MODIFY ("TITLE" NOT NULL ENABLE);
  ALTER TABLE "BUSWAY"."NEWSNOTICE" MODIFY ("REGDATE" NOT NULL ENABLE);
  ALTER TABLE "BUSWAY"."NEWSNOTICE" MODIFY ("CONTENT" NOT NULL ENABLE);
  ALTER TABLE "BUSWAY"."NEWSNOTICE" MODIFY ("VIEWS" NOT NULL ENABLE);
  ALTER TABLE "BUSWAY"."NEWSNOTICE" ADD CONSTRAINT "NEWSNOTICE_PK" PRIMARY KEY ("N_IDX")
  USING INDEX PCTFREE 10 INITRANS 2 MAXTRANS 255 COMPUTE STATISTICS 
  STORAGE(INITIAL 65536 NEXT 1048576 MINEXTENTS 1 MAXEXTENTS 2147483645
  PCTINCREASE 0 FREELISTS 1 FREELIST GROUPS 1 BUFFER_POOL DEFAULT FLASH_CACHE DEFAULT CELL_FLASH_CACHE DEFAULT)
  TABLESPACE "USERS"  ENABLE;
--------------------------------------------------------
--  Constraints for Table ORDEREDTOPPING
--------------------------------------------------------

  ALTER TABLE "BUSWAY"."ORDEREDTOPPING" MODIFY ("IDX" NOT NULL ENABLE);
  ALTER TABLE "BUSWAY"."ORDEREDTOPPING" MODIFY ("SUBORDER_IDX" NOT NULL ENABLE);
  ALTER TABLE "BUSWAY"."ORDEREDTOPPING" MODIFY ("NAME" NOT NULL ENABLE);
  ALTER TABLE "BUSWAY"."ORDEREDTOPPING" ADD CONSTRAINT "ORDEREDTOPPING_PK" PRIMARY KEY ("IDX")
  USING INDEX PCTFREE 10 INITRANS 2 MAXTRANS 255 COMPUTE STATISTICS 
  STORAGE(INITIAL 65536 NEXT 1048576 MINEXTENTS 1 MAXEXTENTS 2147483645
  PCTINCREASE 0 FREELISTS 1 FREELIST GROUPS 1 BUFFER_POOL DEFAULT FLASH_CACHE DEFAULT CELL_FLASH_CACHE DEFAULT)
  TABLESPACE "USERS"  ENABLE;
--------------------------------------------------------
--  Constraints for Table QNA
--------------------------------------------------------

  ALTER TABLE "BUSWAY"."QNA" MODIFY ("Q_IDX" NOT NULL ENABLE);
  ALTER TABLE "BUSWAY"."QNA" MODIFY ("TITLE" NOT NULL ENABLE);
  ALTER TABLE "BUSWAY"."QNA" MODIFY ("VIEWS" NOT NULL ENABLE);
  ALTER TABLE "BUSWAY"."QNA" MODIFY ("USERID" NOT NULL ENABLE);
  ALTER TABLE "BUSWAY"."QNA" ADD CONSTRAINT "QNA_PK" PRIMARY KEY ("Q_IDX")
  USING INDEX PCTFREE 10 INITRANS 2 MAXTRANS 255 COMPUTE STATISTICS 
  STORAGE(INITIAL 65536 NEXT 1048576 MINEXTENTS 1 MAXEXTENTS 2147483645
  PCTINCREASE 0 FREELISTS 1 FREELIST GROUPS 1 BUFFER_POOL DEFAULT FLASH_CACHE DEFAULT CELL_FLASH_CACHE DEFAULT)
  TABLESPACE "USERS"  ENABLE;
--------------------------------------------------------
--  Constraints for Table STOCKCONTROLL
--------------------------------------------------------

  ALTER TABLE "BUSWAY"."STOCKCONTROLL" MODIFY ("STOCK_IDX" NOT NULL ENABLE);
  ALTER TABLE "BUSWAY"."STOCKCONTROLL" MODIFY ("NAME" NOT NULL ENABLE);
  ALTER TABLE "BUSWAY"."STOCKCONTROLL" MODIFY ("STOCK" NOT NULL ENABLE);
  ALTER TABLE "BUSWAY"."STOCKCONTROLL" MODIFY ("STORE_CODE" NOT NULL ENABLE);
  ALTER TABLE "BUSWAY"."STOCKCONTROLL" ADD CONSTRAINT "STOCKCONTROLL_PK" PRIMARY KEY ("STOCK_IDX")
  USING INDEX PCTFREE 10 INITRANS 2 MAXTRANS 255 COMPUTE STATISTICS 
  STORAGE(INITIAL 65536 NEXT 1048576 MINEXTENTS 1 MAXEXTENTS 2147483645
  PCTINCREASE 0 FREELISTS 1 FREELIST GROUPS 1 BUFFER_POOL DEFAULT FLASH_CACHE DEFAULT CELL_FLASH_CACHE DEFAULT)
  TABLESPACE "USERS"  ENABLE;
--------------------------------------------------------
--  Constraints for Table STORE
--------------------------------------------------------

  ALTER TABLE "BUSWAY"."STORE" MODIFY ("CODE" NOT NULL ENABLE);
  ALTER TABLE "BUSWAY"."STORE" MODIFY ("NAME" NOT NULL ENABLE);
  ALTER TABLE "BUSWAY"."STORE" MODIFY ("ADDR" NOT NULL ENABLE);
  ALTER TABLE "BUSWAY"."STORE" MODIFY ("SHOP_NUMBER" NOT NULL ENABLE);
  ALTER TABLE "BUSWAY"."STORE" MODIFY ("PWD" NOT NULL ENABLE);
  ALTER TABLE "BUSWAY"."STORE" ADD CONSTRAINT "STORE_PK" PRIMARY KEY ("CODE")
  USING INDEX PCTFREE 10 INITRANS 2 MAXTRANS 255 COMPUTE STATISTICS 
  STORAGE(INITIAL 65536 NEXT 1048576 MINEXTENTS 1 MAXEXTENTS 2147483645
  PCTINCREASE 0 FREELISTS 1 FREELIST GROUPS 1 BUFFER_POOL DEFAULT FLASH_CACHE DEFAULT CELL_FLASH_CACHE DEFAULT)
  TABLESPACE "USERS"  ENABLE;
--------------------------------------------------------
--  Constraints for Table SUBORDER
--------------------------------------------------------

  ALTER TABLE "BUSWAY"."SUBORDER" MODIFY ("IDX" NOT NULL ENABLE);
  ALTER TABLE "BUSWAY"."SUBORDER" MODIFY ("BREAD_SIZE" NOT NULL ENABLE);
  ALTER TABLE "BUSWAY"."SUBORDER" MODIFY ("ROASTING" NOT NULL ENABLE);
  ALTER TABLE "BUSWAY"."SUBORDER" MODIFY ("BASIC_IDX" NOT NULL ENABLE);
  ALTER TABLE "BUSWAY"."SUBORDER" MODIFY ("ID" NOT NULL ENABLE);
  ALTER TABLE "BUSWAY"."SUBORDER" MODIFY ("STORE_CODE" NOT NULL ENABLE);
  ALTER TABLE "BUSWAY"."SUBORDER" MODIFY ("CNT" NOT NULL ENABLE);
  ALTER TABLE "BUSWAY"."SUBORDER" MODIFY ("ONE_TOTAL" NOT NULL ENABLE);
  ALTER TABLE "BUSWAY"."SUBORDER" MODIFY ("ORDERIDX" NOT NULL ENABLE);
  ALTER TABLE "BUSWAY"."SUBORDER" ADD CONSTRAINT "SUBORDER_PK" PRIMARY KEY ("IDX")
  USING INDEX PCTFREE 10 INITRANS 2 MAXTRANS 255 COMPUTE STATISTICS 
  STORAGE(INITIAL 65536 NEXT 1048576 MINEXTENTS 1 MAXEXTENTS 2147483645
  PCTINCREASE 0 FREELISTS 1 FREELIST GROUPS 1 BUFFER_POOL DEFAULT FLASH_CACHE DEFAULT CELL_FLASH_CACHE DEFAULT)
  TABLESPACE "USERS"  ENABLE;
--------------------------------------------------------
--  Constraints for Table USERORDER
--------------------------------------------------------

  ALTER TABLE "BUSWAY"."USERORDER" MODIFY ("IDX" NOT NULL ENABLE);
  ALTER TABLE "BUSWAY"."USERORDER" MODIFY ("ID" NOT NULL ENABLE);
  ALTER TABLE "BUSWAY"."USERORDER" MODIFY ("ALL_TOTAL" NOT NULL ENABLE);
  ALTER TABLE "BUSWAY"."USERORDER" MODIFY ("ADDR" NOT NULL ENABLE);
  ALTER TABLE "BUSWAY"."USERORDER" MODIFY ("ORDERDATE" NOT NULL ENABLE);
  ALTER TABLE "BUSWAY"."USERORDER" ADD CONSTRAINT "USERORDER_PK" PRIMARY KEY ("IDX")
  USING INDEX PCTFREE 10 INITRANS 2 MAXTRANS 255 COMPUTE STATISTICS 
  STORAGE(INITIAL 65536 NEXT 1048576 MINEXTENTS 1 MAXEXTENTS 2147483645
  PCTINCREASE 0 FREELISTS 1 FREELIST GROUPS 1 BUFFER_POOL DEFAULT FLASH_CACHE DEFAULT CELL_FLASH_CACHE DEFAULT)
  TABLESPACE "USERS"  ENABLE;
--------------------------------------------------------
--  Constraints for Table USERS
--------------------------------------------------------

  ALTER TABLE "BUSWAY"."USERS" MODIFY ("USERID" NOT NULL ENABLE);
  ALTER TABLE "BUSWAY"."USERS" MODIFY ("PWD" NOT NULL ENABLE);
  ALTER TABLE "BUSWAY"."USERS" MODIFY ("NICKNAME" NOT NULL ENABLE);
  ALTER TABLE "BUSWAY"."USERS" MODIFY ("NAME" NOT NULL ENABLE);
  ALTER TABLE "BUSWAY"."USERS" ADD CONSTRAINT "USERS_PK" PRIMARY KEY ("USERID")
  USING INDEX PCTFREE 10 INITRANS 2 MAXTRANS 255 COMPUTE STATISTICS 
  STORAGE(INITIAL 65536 NEXT 1048576 MINEXTENTS 1 MAXEXTENTS 2147483645
  PCTINCREASE 0 FREELISTS 1 FREELIST GROUPS 1 BUFFER_POOL DEFAULT FLASH_CACHE DEFAULT CELL_FLASH_CACHE DEFAULT)
  TABLESPACE "USERS"  ENABLE;
--------------------------------------------------------
--  Ref Constraints for Table BASICTOPPING
--------------------------------------------------------

  ALTER TABLE "BUSWAY"."BASICTOPPING" ADD CONSTRAINT "FK_BASICTOPPING_MENU_IDX_BASIC" FOREIGN KEY ("MENU_IDX")
	  REFERENCES "BUSWAY"."BASICMENU" ("IDX") ENABLE;
  ALTER TABLE "BUSWAY"."BASICTOPPING" ADD CONSTRAINT "FK_BASICTOPPING_NAME_ALLTOPPIN" FOREIGN KEY ("NAME")
	  REFERENCES "BUSWAY"."ALLTOPPING" ("NAME") ENABLE;
--------------------------------------------------------
--  Ref Constraints for Table CART
--------------------------------------------------------

  ALTER TABLE "BUSWAY"."CART" ADD CONSTRAINT "FK_CART_BASIC_IDX_BASICMENU_ID" FOREIGN KEY ("BASIC_IDX")
	  REFERENCES "BUSWAY"."BASICMENU" ("IDX") ENABLE;
  ALTER TABLE "BUSWAY"."CART" ADD CONSTRAINT "FK_CART_ID_USERS_ID" FOREIGN KEY ("USERID")
	  REFERENCES "BUSWAY"."USERS" ("USERID") ENABLE;
  ALTER TABLE "BUSWAY"."CART" ADD CONSTRAINT "FK_CART_STORE_CODE_STORE_CODE" FOREIGN KEY ("STORE_CODE")
	  REFERENCES "BUSWAY"."STORE" ("CODE") ENABLE;
--------------------------------------------------------
--  Ref Constraints for Table CARTTOPPING
--------------------------------------------------------

  ALTER TABLE "BUSWAY"."CARTTOPPING" ADD CONSTRAINT "FK_CARTTOPPING_CART_IDX_CART_I" FOREIGN KEY ("CART_IDX")
	  REFERENCES "BUSWAY"."CART" ("IDX") ENABLE;
  ALTER TABLE "BUSWAY"."CARTTOPPING" ADD CONSTRAINT "FK_CARTTOPPING_NAME_ALLTOPPING" FOREIGN KEY ("NAME")
	  REFERENCES "BUSWAY"."ALLTOPPING" ("NAME") ENABLE;
--------------------------------------------------------
--  Ref Constraints for Table COMMENTS
--------------------------------------------------------

  ALTER TABLE "BUSWAY"."COMMENTS" ADD CONSTRAINT "FK_COMMENTS_QNA_IDX_QNA_Q_IDX" FOREIGN KEY ("Q_IDX")
	  REFERENCES "BUSWAY"."QNA" ("Q_IDX") ENABLE;
  ALTER TABLE "BUSWAY"."COMMENTS" ADD CONSTRAINT "FK_COMMENTS_STORE_CODE_STORE_C" FOREIGN KEY ("STORE_CODE")
	  REFERENCES "BUSWAY"."STORE" ("CODE") ENABLE;
--------------------------------------------------------
--  Ref Constraints for Table DELIVERYADDR
--------------------------------------------------------

  ALTER TABLE "BUSWAY"."DELIVERYADDR" ADD CONSTRAINT "FK_DELIVERYADDR_USERID_USERS_I" FOREIGN KEY ("USERID")
	  REFERENCES "BUSWAY"."USERS" ("USERID") ENABLE;
--------------------------------------------------------
--  Ref Constraints for Table EVENT
--------------------------------------------------------

  ALTER TABLE "BUSWAY"."EVENT" ADD CONSTRAINT "EVENT_FK1" FOREIGN KEY ("CODE")
	  REFERENCES "BUSWAY"."STORE" ("CODE") ENABLE;
--------------------------------------------------------
--  Ref Constraints for Table NEWSNOTICE
--------------------------------------------------------

  ALTER TABLE "BUSWAY"."NEWSNOTICE" ADD CONSTRAINT "NEWSNOTICE_FK1" FOREIGN KEY ("CODE")
	  REFERENCES "BUSWAY"."STORE" ("CODE") ENABLE;
--------------------------------------------------------
--  Ref Constraints for Table ORDEREDTOPPING
--------------------------------------------------------

  ALTER TABLE "BUSWAY"."ORDEREDTOPPING" ADD CONSTRAINT "FK_ORDEREDTOPPING_NAME_ALLTOPP" FOREIGN KEY ("NAME")
	  REFERENCES "BUSWAY"."ALLTOPPING" ("NAME") ENABLE;
  ALTER TABLE "BUSWAY"."ORDEREDTOPPING" ADD CONSTRAINT "FK_ORDEREDTOPPING_SUBORDER_IDX" FOREIGN KEY ("SUBORDER_IDX")
	  REFERENCES "BUSWAY"."SUBORDER" ("IDX") ENABLE;
--------------------------------------------------------
--  Ref Constraints for Table QNA
--------------------------------------------------------

  ALTER TABLE "BUSWAY"."QNA" ADD CONSTRAINT "FK_QNA_USERID_USERS_ID" FOREIGN KEY ("USERID")
	  REFERENCES "BUSWAY"."USERS" ("USERID") ENABLE;
--------------------------------------------------------
--  Ref Constraints for Table STOCKCONTROLL
--------------------------------------------------------

  ALTER TABLE "BUSWAY"."STOCKCONTROLL" ADD CONSTRAINT "FK_STOCKCONTROLL_STORE_CODE_ST" FOREIGN KEY ("STORE_CODE")
	  REFERENCES "BUSWAY"."STORE" ("CODE") ENABLE;
  ALTER TABLE "BUSWAY"."STOCKCONTROLL" ADD CONSTRAINT "STOCKCONTROLL_FK1" FOREIGN KEY ("NAME")
	  REFERENCES "BUSWAY"."ALLTOPPING" ("NAME") ENABLE;
--------------------------------------------------------
--  Ref Constraints for Table SUBORDER
--------------------------------------------------------

  ALTER TABLE "BUSWAY"."SUBORDER" ADD CONSTRAINT "FK_SUBORDER_BASIC_IDX_BASICMEN" FOREIGN KEY ("BASIC_IDX")
	  REFERENCES "BUSWAY"."BASICMENU" ("IDX") ENABLE;
  ALTER TABLE "BUSWAY"."SUBORDER" ADD CONSTRAINT "FK_SUBORDER_ID_USERS_ID" FOREIGN KEY ("ID")
	  REFERENCES "BUSWAY"."USERS" ("USERID") ENABLE;
  ALTER TABLE "BUSWAY"."SUBORDER" ADD CONSTRAINT "FK_SUBORDER_ORDERIDX_USERORDER" FOREIGN KEY ("ORDERIDX")
	  REFERENCES "BUSWAY"."USERORDER" ("IDX") ENABLE;
  ALTER TABLE "BUSWAY"."SUBORDER" ADD CONSTRAINT "FK_SUBORDER_STORE_CODE_STORE_C" FOREIGN KEY ("STORE_CODE")
	  REFERENCES "BUSWAY"."STORE" ("CODE") ENABLE;
--------------------------------------------------------
--  Ref Constraints for Table USERORDER
--------------------------------------------------------

  ALTER TABLE "BUSWAY"."USERORDER" ADD CONSTRAINT "FK_USERORDER_ID_USERS_ID" FOREIGN KEY ("ID")
	  REFERENCES "BUSWAY"."USERS" ("USERID") ENABLE;
